-- phpMyAdmin SQL Dump
-- version 5.2.2
-- https://www.phpmyadmin.net/
--
-- Servidor: localhost:3306
-- Tiempo de generación: 03-06-2025 a las 10:13:42
-- Versión del servidor: 8.0.41-cll-lve
-- Versión de PHP: 8.3.20

SET SQL_MODE = "NO_AUTO_VALUE_ON_ZERO";
START TRANSACTION;
SET time_zone = "+00:00";


/*!40101 SET @OLD_CHARACTER_SET_CLIENT=@@CHARACTER_SET_CLIENT */;
/*!40101 SET @OLD_CHARACTER_SET_RESULTS=@@CHARACTER_SET_RESULTS */;
/*!40101 SET @OLD_COLLATION_CONNECTION=@@COLLATION_CONNECTION */;
/*!40101 SET NAMES utf8mb4 */;

--
-- Base de datos: `tiersist_sgp`
--
CREATE DATABASE IF NOT EXISTS `tiersist_sgp` DEFAULT CHARACTER SET utf8mb4 COLLATE utf8mb4_0900_ai_ci;
USE `tiersist_sgp`;

DELIMITER $$
--
-- Funciones
--
DROP FUNCTION IF EXISTS `remover_tildes`$$
CREATE DEFINER=`tiersist`@`localhost` FUNCTION `remover_tildes` (`input` TEXT) RETURNS TEXT CHARSET utf8mb4 COLLATE utf8mb4_general_ci DETERMINISTIC BEGIN
    DECLARE output TEXT;
    SET output = input;
    
    -- Reemplazar caracteres con tildes por sus equivalentes sin tildes
    SET output = REPLACE(output, 'á', 'a');
    SET output = REPLACE(output, 'é', 'e');
    SET output = REPLACE(output, 'í', 'i');
    SET output = REPLACE(output, 'ó', 'o');
    SET output = REPLACE(output, 'ú', 'u');
    SET output = REPLACE(output, 'Á', 'A');
    SET output = REPLACE(output, 'É', 'E');
    SET output = REPLACE(output, 'Í', 'I');
    SET output = REPLACE(output, 'Ó', 'O');
    SET output = REPLACE(output, 'Ú', 'U');
    
    RETURN output;
END$$

DELIMITER ;

-- --------------------------------------------------------

--
-- Estructura de tabla para la tabla `datacenter`
--

DROP TABLE IF EXISTS `datacenter`;
CREATE TABLE `datacenter` (
  `id` int NOT NULL,
  `item` varchar(100) NOT NULL,
  `valor` decimal(10,2) NOT NULL DEFAULT '1.00',
  `descripcion` text NOT NULL,
  `fecha` tinytext NOT NULL,
  `mostrar` tinyint(1) NOT NULL DEFAULT '1'
) ENGINE=InnoDB DEFAULT CHARSET=latin1;

--
-- Volcado de datos para la tabla `datacenter`
--

INSERT INTO `datacenter` (`id`, `item`, `valor`, `descripcion`, `fecha`, `mostrar`) VALUES
(1, 'DC_BELLET', 1.00, 'Recursos de infraestructura - Valor que VM este en el Datacenter Bellet', '2024-12-27 21:56:49', 1),
(2, 'DC_U_BELLET', 106.33, 'Recursos de infraestructura - Valor Unidad de rack en Bellet', '2025-01-22 09:07:35', 1),
(3, 'DC_LIRAY', 3.00, 'Recursos de infraestructura - Valor que VM este en el Datacenter Liray', '2024-12-26 14:22:52', 1),
(4, 'DC_U_LIRAY', 265.83, 'Recursos de infraestructura - es x 2.5 lo que vale la U en Bellet', '2025-01-22 16:07:20', 1),
(5, 'DC_AMBOS', 5.00, 'Recursos de infraestructura - Valor que VM este en ambos datacenter (Bellet y Liray)', '2024-12-27 21:36:16', 1),
(6, 'VCPU', 0.95, 'Recursos de infraestructura - Valor por 1 vCpu asignada', '2025-01-22 09:06:42', 1),
(7, 'VMEM', 0.63, 'Recursos de infraestructura - Valor por 1 GB de RAM asignada', '2025-01-22 09:06:54', 1),
(8, 'VDISK', 2.34, 'Recursos de infraestructura - Valor por 50 GB de disco SSD', '2025-01-22 09:07:18', 1),
(9, 'BKP_BRONZE', 9.00, 'Recursos de infraestructura - Valor respaldo BKP Bronze', '2024-10-27 12:28:09', 1),
(10, 'BKP_SILVER', 10.00, 'Recursos de infraestructura - Valor respaldo BKP Silver', '2024-10-27 12:28:09', 1),
(11, 'BKP_GOLD', 11.00, 'Recursos de infraestructura - Valor respaldo BKP Gold', '2024-10-27 12:28:09', 1),
(12, 'BKP_PLATINUM', 12.00, 'Recursos de infraestructura - Valor respaldo BKP Platinum', '2024-10-27 12:28:09', 1),
(13, 'LINUX', 13.00, 'Sistema operativo y BD - Valor por que la VM tenga Linux', '2024-12-26 16:44:17', 1),
(14, 'WINDOWS', 14.00, 'Sistema operativo y BD - Win Std Edition (2 core pack) se licencia minimo 8 Cores (4 SKU)', '2025-01-21 08:41:02', 1),
(15, 'ORACLE', 15.00, 'Sistema operativo y BD - Valor por que la VM tenga Oracle Linux', '2024-12-26 14:37:31', 1),
(16, 'CALS', 8.59, 'Sistema operativo y BD - Valor por 1 CALS Windows Remote Desktop Services', '2025-01-22 09:06:08', 1),
(17, 'MySQL', 17.00, 'Sistema operativo y BD - Valor por tener MySQL de BD', '2024-12-26 14:37:59', 1),
(18, 'SQL_Server', 179.80, 'Sistema operativo y BD - SQL Server Standard (2 Core Pack)', '2025-01-22 09:05:36', 1),
(19, 'POSTGRESQL', 19.00, 'Sistema operativo y BD - Valor por tener BD PostgreSQL en la VM', '2024-12-26 14:38:38', 1),
(20, 'SAL', 20.71, 'Sistema operativo y BD - Valor por cada SAL que tenga asignada la VM con SQL Server', '2025-01-22 09:06:26', 1),
(21, 'BWFW_DC_BELLET', 21.00, 'Redes- Valor por 1 GB de BW del Firewall', '2024-10-27 12:28:09', 1),
(22, 'BWINET100_PRIMARIO_DC_BELLET', 20.00, 'Redes- Valor por 100 GB de internet simetrico', '2024-10-27 12:28:09', 1),
(23, 'BWINET200_PRIMARIO_DC_BELLET', 21.00, 'Redes- Valor por 200 GB de internet simetrico', '2024-10-27 12:28:09', 1),
(24, 'BWINET300_PRIMARIO_DC_BELLET', 22.00, 'Redes- Valor por 300 GB de internet simetrico', '2024-10-27 12:28:09', 1),
(25, 'BWINET100_SECUNDARIO_DC_BELLET', 23.00, 'Redes- Valor por 100 GB de internet simetrico', '2024-10-27 12:28:09', 1),
(26, 'BWINET200_SECUNDARIO_DC_BELLET', 24.00, 'Redes- Valor por 200 GB de internet simetrico', '2024-10-27 12:28:09', 1),
(27, 'BWINET300_SECUNDARIO_DC_BELLET', 25.00, 'Redes- Valor por 300 GB de internet simetrico', '2024-10-27 12:28:09', 1),
(28, 'BWFW_DC_LIRAY', 26.00, 'Redes- Valor por 1 GB de BW del Firewall', '2024-10-27 12:28:09', 1),
(29, 'BWINET100_PRIMARIO_DC_LIRAY', 27.00, 'Redes- Valor por 100 GB de internet simetrico', '2024-10-27 12:28:09', 1),
(30, 'BWINET200_PRIMARIO_DC_LIRAY', 28.00, 'Redes- Valor por 200 GB de internet simetrico', '2024-10-27 12:28:09', 1),
(31, 'BWINET300_PRIMARIO_DC_LIRAY', 29.00, 'Redes- Valor por 300 GB de internet simetrico', '2024-10-27 12:28:09', 1),
(32, 'BWINET100_SECUNDARIO_DC_LIRAY', 30.00, 'Redes- Valor por 100 GB de internet simetrico', '2024-10-27 12:28:09', 1),
(33, 'BWINET200_SECUNDARIO_DC_LIRAY', 31.00, 'Redes- Valor por 200 GB de internet simetrico', '2024-10-27 12:28:09', 1),
(34, 'BWINET300_SECUNDARIO_DC_LIRAY', 32.00, 'Redes- Valor por 300 GB de internet simetrico', '2024-10-27 12:28:09', 1),
(35, 'IP_Publica', 24.30, 'Redes- Valor por 1 IP Publica', '2025-01-22 09:07:45', 1);

--
-- Disparadores `datacenter`
--
DROP TRIGGER IF EXISTS `quitar_tildes_al_actualizar_datacenter`;
DELIMITER $$
CREATE TRIGGER `quitar_tildes_al_actualizar_datacenter` BEFORE UPDATE ON `datacenter` FOR EACH ROW BEGIN
    SET NEW.descripcion = remover_tildes(NEW.descripcion);
END
$$
DELIMITER ;

-- --------------------------------------------------------

--
-- Estructura de tabla para la tabla `empresas`
--

DROP TABLE IF EXISTS `empresas`;
CREATE TABLE `empresas` (
  `id` int NOT NULL,
  `empresa` varchar(100) NOT NULL,
  `fecha` timestamp NOT NULL DEFAULT CURRENT_TIMESTAMP,
  `mostrar` tinyint(1) NOT NULL DEFAULT '1'
) ENGINE=InnoDB DEFAULT CHARSET=latin1;

--
-- Volcado de datos para la tabla `empresas`
--

INSERT INTO `empresas` (`id`, `empresa`, `fecha`, `mostrar`) VALUES
(1, '---SIN EMPRESA---', '2024-10-27 18:28:09', 1),
(2, 'TD SYNNEX - CHILE', '2024-10-29 03:40:34', 1),
(3, 'TD SYNNEX - PERÚ', '2024-10-25 20:50:49', 1),
(4, 'TD SYNNEX - COLOMBIA', '2024-10-25 20:50:54', 1),
(5, 'TD SYNNEX - PANAMÁ', '2024-10-27 18:27:57', 1),
(6, 'INTCOMEX - CHILE', '2024-10-29 03:41:22', 1),
(7, 'INTCOMEX - PERÚ', '2024-10-29 16:32:53', 1),
(8, 'TECNOGLOBAL - CHILE', '2024-10-29 16:32:58', 1),
(9, 'NORDIC COMPUTER - DINAMARCA', '2024-10-29 16:33:12', 1),
(10, 'T1A GROUP - DINAMARCA', '2024-11-07 16:51:30', 1),
(11, 'MULTISOL - USA', '2024-10-29 16:33:40', 1),
(12, 'LOL - LICENCIAS ONLINE - CHILE', '2024-10-30 19:40:13', 1),
(13, 'INGRAM MICRO - CHILE', '2024-10-29 06:45:28', 1),
(14, 'INGRAM MICRO - PERÚ', '2024-10-29 06:45:36', 1),
(15, 'NEXSYS - CHILE', '2024-10-29 06:45:47', 1),
(16, 'ADISTEC - CHILE', '2024-10-29 06:47:01', 1),
(17, 'DATACTIVA - CHILE', '2024-10-29 06:49:14', 1),
(18, 'EDAPI - CHILE', '2024-10-29 06:49:24', 1),
(19, 'FAST CHEM MEDIA - CHILE', '2024-10-29 06:49:34', 1),
(20, 'MARSAN - CHILE', '2024-10-29 06:49:51', 1),
(21, 'MR INTERNATIONAL IT - USA', '2024-10-29 06:50:03', 1),
(22, 'SERVIX GROUP - CHILE', '2024-10-29 06:50:18', 1),
(23, 'XMS - CHILE', '2024-10-29 06:50:38', 1),
(24, 'TRANSPORTISTA', '2024-10-29 06:50:49', 1),
(25, 'PRIMUS', '2024-10-29 16:38:41', 1),
(26, 'NOUS', '2024-10-29 16:38:51', 1),
(27, 'TICASHOPLATAM', '2024-10-29 16:38:59', 1),
(28, 'SMARTOPTICS', '2024-10-29 16:39:11', 1),
(29, 'RIVERBED', '2024-10-29 16:39:22', 1),
(30, 'BROADCOM - VMWARE', '2024-10-29 20:06:09', 1),
(31, 'ETB-TECH', '2024-10-30 21:10:24', 1),
(32, 'MFPTECH', '2024-10-29 16:39:51', 1),
(33, 'SYNLLC', '2024-10-29 16:40:13', 1),
(34, 'ZIMBRA', '2024-10-29 19:34:48', 1),
(35, 'HPE', '2024-10-29 19:49:26', 1),
(36, 'LENOVO', '2024-10-29 19:50:00', 1),
(37, 'VMWARE', '2024-10-29 19:50:07', 1),
(38, 'QUALSTAR', '2024-10-29 19:51:22', 1),
(39, 'AUTOMATEC', '2024-10-29 20:36:19', 1),
(40, 'REDHAT', '2024-10-30 15:58:07', 1),
(41, 'SOPHOS', '2024-10-30 16:59:24', 1),
(42, 'H3C', '2024-10-30 17:42:05', 1),
(43, 'LK - LINKSTORE', '2024-10-30 19:23:00', 1),
(44, 'ORACLE', '2024-10-30 19:28:40', 1),
(45, 'AWS', '2024-10-30 19:31:47', 1),
(46, 'GOOGLE', '2024-10-30 19:32:09', 1),
(47, 'EVERNEX', '2024-10-30 20:56:43', 1),
(48, 'CISCO', '2024-10-30 21:01:08', 1),
(49, 'HITACHI VANTARA', '2024-10-30 21:02:03', 1),
(50, 'VEEAM', '2024-10-30 21:06:42', 1),
(51, 'SUPERMICRO', '2024-10-30 21:13:33', 1),
(52, 'ASUS', '2024-10-30 21:19:02', 1),
(53, 'MAHE', '2024-10-30 21:22:56', 1),
(54, 'MELKERVEN', '2025-01-08 18:05:38', 0),
(55, 'ITZEN', '2024-10-30 21:39:08', 1),
(56, 'UPS CHILE', '2024-10-31 15:59:17', 1),
(57, 'CARBONITE', '2024-10-31 16:05:24', 1),
(58, 'COMMVAULT', '2024-10-31 16:11:40', 1),
(59, 'DSM SOLUTIONS', '2024-10-31 16:14:13', 1),
(60, 'ARS SERVICIOS PROFESIONALES', '2024-10-31 16:24:05', 1),
(61, 'MARSAN', '2024-11-07 20:38:18', 1),
(62, '---NO SE LA EMPRESA---', '2024-11-08 15:31:18', 1),
(63, 'MAVISEGURIDAD', '2024-11-13 17:18:41', 1),
(64, 'ST-COM', '2024-11-13 17:23:09', 1),
(65, 'TR-CONSULTORES', '2024-11-13 17:27:11', 1),
(66, 'RTFM', '2024-11-14 15:10:49', 1),
(67, 'MR IT', '2024-11-15 18:01:35', 1),
(68, 'MULTICOMPUTOS - PANAMÁ', '2024-11-15 21:24:44', 1),
(69, 'FNC CONSULTORES', '2024-11-18 18:35:14', 1),
(70, 'VERITAS', '2024-11-19 18:48:30', 1),
(71, 'FORTINET', '2024-11-29 16:09:35', 1),
(72, 'BTRES', '2024-12-04 17:19:23', 1),
(73, 'KHMCS', '2024-12-11 16:22:35', 1),
(74, 'C-TECHNOLOGY', '2024-12-11 16:23:25', 1),
(75, 'INTCOMEX-PANAMA', '2024-12-11 18:30:10', 1),
(76, 'NEXSYS-PANAMA', '2024-12-11 18:29:56', 1),
(77, 'INGRAM MICRO - PANAMA', '2024-12-17 22:20:11', 1),
(78, 'TD SYNNEX - USA', '2025-01-08 17:00:30', 1),
(79, 'MELKERVEN', '2025-01-24 22:44:08', 1),
(80, 'CANONICAL', '2025-02-17 18:01:24', 1),
(81, 'IXSYSTEMS', '2025-02-27 14:04:32', 1),
(82, 'TPLINK', '2025-03-10 17:15:16', 1),
(83, 'ST SUR AUSTRAL', '2025-04-17 15:36:45', 1),
(84, 'COHESITY', '2025-04-22 14:08:39', 1);

--
-- Disparadores `empresas`
--
DROP TRIGGER IF EXISTS `comentarios_mayuscula_al_actualizar_empresas`;
DELIMITER $$
CREATE TRIGGER `comentarios_mayuscula_al_actualizar_empresas` BEFORE UPDATE ON `empresas` FOR EACH ROW BEGIN
    SET NEW.empresa = UPPER(NEW.empresa);
END
$$
DELIMITER ;
DROP TRIGGER IF EXISTS `comentarios_mayuscula_al_insertar_empresas`;
DELIMITER $$
CREATE TRIGGER `comentarios_mayuscula_al_insertar_empresas` BEFORE INSERT ON `empresas` FOR EACH ROW BEGIN
    SET NEW.empresa = UPPER(NEW.empresa);
END
$$
DELIMITER ;

-- --------------------------------------------------------

--
-- Estructura de tabla para la tabla `marcas`
--

DROP TABLE IF EXISTS `marcas`;
CREATE TABLE `marcas` (
  `id` int NOT NULL,
  `marca` varchar(100) NOT NULL,
  `fecha` timestamp NOT NULL DEFAULT CURRENT_TIMESTAMP,
  `mostrar` tinyint(1) NOT NULL DEFAULT '1'
) ENGINE=InnoDB DEFAULT CHARSET=latin1;

--
-- Volcado de datos para la tabla `marcas`
--

INSERT INTO `marcas` (`id`, `marca`, `fecha`, `mostrar`) VALUES
(1, '---SIN MARCA---', '2024-10-24 20:59:33', 1),
(2, '---MULTI MARCAS---', '2024-11-14 18:35:03', 1),
(3, 'HPE', '2024-10-29 16:32:42', 1),
(4, 'DELL', '2024-10-24 23:59:33', 1),
(5, 'H3C', '2024-10-24 23:59:33', 1),
(6, 'VEEAM', '2024-10-24 23:59:33', 1),
(7, 'VERITAS - NETBACKUP', '2024-11-19 18:49:39', 1),
(8, 'ASUS', '2017-12-22 03:29:27', 1),
(9, 'ARUBA', '2017-12-22 03:29:27', 1),
(10, 'AVAGO', '2017-12-22 03:29:27', 1),
(11, 'BROCADE', '2017-12-22 03:29:27', 1),
(12, 'CHEROKEE', '2017-12-22 03:29:27', 1),
(13, 'CISCO', '2017-12-22 03:29:27', 1),
(14, 'DELTA', '2017-12-22 03:29:27', 1),
(15, 'EMERSON', '2017-12-22 03:29:27', 1),
(16, 'FINISAR', '2017-12-22 03:29:27', 1),
(17, 'HGST', '2017-12-22 03:29:27', 1),
(18, 'HITACHI VANTARA', '2017-12-22 03:29:27', 1),
(19, 'HPE INC', '2017-12-22 03:29:27', 1),
(20, 'IBM-HW', '2025-04-22 14:27:04', 1),
(21, 'INTEL', '2017-12-22 03:29:27', 1),
(22, 'LEGRAND', '2017-12-22 03:29:27', 1),
(23, 'LENOVO', '2017-12-22 03:29:27', 1),
(24, 'MAXTOR', '2017-12-22 03:29:27', 1),
(25, 'MERCURY', '2017-12-22 03:29:27', 1),
(26, 'MICRON', '2017-12-22 03:29:27', 1),
(27, 'MICROSEMI', '2017-12-22 03:29:27', 1),
(28, 'NETAPP', '2017-12-22 03:29:27', 1),
(29, 'NIDEC', '2017-12-22 03:29:27', 1),
(30, 'NI-MH', '2017-12-22 03:29:27', 1),
(31, 'PROLINE', '2017-12-22 03:29:27', 1),
(32, 'QCT', '2017-12-22 03:29:27', 1),
(33, 'QLOGIC', '2017-12-22 03:29:27', 1),
(34, 'SAMSUNG', '2017-12-22 03:29:27', 1),
(35, 'SAVVIO', '2017-12-22 03:29:27', 1),
(36, 'SEAGATE', '2017-12-22 03:29:27', 1),
(37, 'SKHYNIX', '2017-12-22 03:29:27', 1),
(38, 'SR FS', '2017-12-22 03:29:27', 1),
(39, 'SUPREMA', '2017-12-22 03:29:27', 1),
(40, 'SYSTEM X', '2017-12-22 03:29:27', 1),
(41, 'TOSHIBA', '2017-12-22 03:29:27', 1),
(42, 'UL', '2017-12-22 03:29:27', 1),
(43, 'ZEUS', '2017-12-22 03:29:27', 1),
(44, 'COMMVAULT', '2024-10-29 06:48:27', 1),
(45, 'ORACLE', '2024-10-29 06:57:44', 1),
(46, 'ROCKETBOT / BLUEPRISM', '2024-10-29 16:43:25', 1),
(47, 'TELRAD / PACKETLIGHT', '2024-10-29 16:43:36', 1),
(48, 'SMARTOPTICS', '2024-10-29 16:43:45', 1),
(49, 'RIVERBED', '2024-10-29 16:43:56', 1),
(50, 'BROADCOM - VMWARE', '2024-10-29 16:44:02', 1),
(51, 'REFURBISHED - RFB - PARTES', '2024-11-14 15:16:27', 1),
(52, 'SOPHOS', '2024-10-29 16:44:32', 1),
(53, 'FORTINET', '2024-10-29 18:34:59', 1),
(54, 'VMWARE', '2024-10-29 18:42:23', 1),
(55, 'ZIMBRA', '2024-10-29 19:34:42', 1),
(56, 'QUALSTAR', '2024-10-29 19:51:27', 1),
(57, 'REDHAT', '2024-10-30 15:58:01', 1),
(58, 'LK - LINKSTORE', '2024-10-30 19:23:05', 1),
(59, 'MICROSOFT', '2024-10-30 19:26:47', 1),
(60, 'AWS', '2024-10-30 19:31:42', 1),
(61, 'AZURE', '2024-10-30 19:31:54', 1),
(62, 'GCP', '2024-10-30 19:32:15', 1),
(63, 'EVERNEX', '2024-10-30 20:56:37', 1),
(64, 'SUPERMICRO', '2024-10-30 21:13:42', 1),
(65, 'CINTAS - LTO', '2024-10-30 21:20:16', 1),
(66, 'DEVELOPER', '2024-10-30 21:23:02', 1),
(67, 'SISTEMAS', '2024-10-30 21:39:42', 1),
(68, 'ELÉCTRICO', '2024-10-31 16:00:15', 1),
(69, 'CARBONITE', '2024-10-31 16:05:29', 1),
(70, 'CLOUD', '2024-10-31 16:09:28', 1),
(71, '---NO SE LA MARCA---', '2024-11-08 15:31:35', 1),
(72, 'CÁMARAS IP', '2024-11-13 17:20:51', 1),
(73, 'RECICLAJE', '2024-11-13 17:23:19', 1),
(74, '---SERVICIOS PROFESIONALES---', '2024-11-14 15:14:21', 1),
(75, 'VIEWSONIC', '2024-11-14 19:09:22', 1),
(76, 'F5', '2024-11-22 15:53:34', 1),
(77, 'UBIQUITY', '2024-12-03 15:04:58', 1),
(78, 'PANDUIT', '2024-12-03 15:05:08', 1),
(79, 'APC', '2024-12-03 15:05:21', 1),
(80, 'QNAP', '2024-12-03 15:05:29', 1),
(81, 'LINKSYS', '2024-12-03 15:05:40', 1),
(82, 'TPLINK', '2024-12-03 15:05:50', 1),
(83, 'HIKVISION', '2024-12-03 15:06:03', 1),
(84, 'NOTIFIER', '2024-12-03 15:06:09', 1),
(85, 'AXIS', '2024-12-03 15:06:18', 1),
(86, 'UBUNTU', '2025-02-17 18:01:11', 1),
(87, 'TRUENAS', '2025-02-27 14:04:13', 1),
(88, 'AOC', '2025-03-06 15:23:29', 1),
(89, 'DESPACHOS', '2025-04-17 15:36:38', 1),
(90, 'ZEBRA', '2025-04-21 21:11:27', 1),
(91, 'ADOBE', '2025-04-21 21:15:44', 1),
(92, 'CYBERSECURITY', '2025-04-21 21:16:10', 1),
(93, 'HONEYWELL', '2025-04-21 21:16:25', 1),
(94, 'HPE GREENLAKE', '2025-04-21 21:16:41', 1),
(95, 'PALO ALTO', '2025-04-21 21:17:32', 1),
(96, 'COHESITY', '2025-04-22 14:08:33', 1),
(97, 'IBM-SW', '2025-04-22 14:27:10', 1),
(98, 'IBM', '2025-04-22 14:27:14', 1),
(99, 'MICROSOFT CLOUD', '2025-04-22 14:30:23', 1),
(100, 'APPLE', '2025-04-22 14:36:07', 1),
(101, 'BROTHER', '2025-04-22 14:36:55', 1),
(102, 'CANON', '2025-04-22 14:37:53', 1),
(103, 'EPSON', '2025-04-22 14:40:59', 1),
(104, 'EPSON-HW', '2025-04-22 14:41:05', 1),
(105, 'EPSON-SUPPLIES', '2025-04-22 14:41:13', 1),
(106, 'HPE INC PRINTER', '2025-04-22 21:52:25', 1),
(107, 'BENQ', '2025-04-22 21:57:42', 1);

--
-- Disparadores `marcas`
--
DROP TRIGGER IF EXISTS `comentarios_mayuscula_al_actualizar_marcas`;
DELIMITER $$
CREATE TRIGGER `comentarios_mayuscula_al_actualizar_marcas` BEFORE UPDATE ON `marcas` FOR EACH ROW BEGIN
    SET NEW.marca = UPPER(NEW.marca);
END
$$
DELIMITER ;
DROP TRIGGER IF EXISTS `comentarios_mayuscula_al_insertar_marcas`;
DELIMITER $$
CREATE TRIGGER `comentarios_mayuscula_al_insertar_marcas` BEFORE INSERT ON `marcas` FOR EACH ROW BEGIN
    SET NEW.marca = UPPER(NEW.marca);
END
$$
DELIMITER ;

-- --------------------------------------------------------

--
-- Estructura de tabla para la tabla `proveedores`
--

DROP TABLE IF EXISTS `proveedores`;
CREATE TABLE `proveedores` (
  `id` int NOT NULL,
  `nombre` varchar(100) NOT NULL,
  `celular` varchar(100) DEFAULT NULL,
  `correo` varchar(100) DEFAULT NULL,
  `rol` varchar(50) DEFAULT NULL,
  `comentarios` text,
  `fecha` timestamp NOT NULL DEFAULT CURRENT_TIMESTAMP,
  `mostrar` tinyint(1) NOT NULL DEFAULT '1',
  `empresa_id` int DEFAULT NULL
) ENGINE=InnoDB DEFAULT CHARSET=latin1;

--
-- Volcado de datos para la tabla `proveedores`
--

INSERT INTO `proveedores` (`id`, `nombre`, `celular`, `correo`, `rol`, `comentarios`, `fecha`, `mostrar`, `empresa_id`) VALUES
(1, 'CONRADO MELI SAAVEDRA', '+56 9 7774 3781', 'CM@PRIMUSIA.COM', 'SOCIO PRINCIPAL', 'PAISES DONDE APLICA CHILE / URUGUAY / PERU / ARGENTINA / BRASIL / COLOMBIA, AUTOMATIZA TAREAS', '2024-11-14 15:19:57', 1, 25),
(2, 'FELIPE APELEO', '+56 9 9218 2924', 'FAPELEO@NOUSCHILE.CL', 'ARQUITECTO SERVICIOS', 'HPE, MIGRACIONES HPUX', '2024-10-29 16:56:56', 1, 26),
(3, 'RODRIGO MEDINA', '+56 9 9218 3500', 'RMEDINA@NOUSCHILE.CL', 'SOCIO PRINCIPAL', 'HPUX, MIGRACION HPUX', '2024-10-29 16:58:11', 1, 26),
(4, 'EDUARDO MUÑOZ', '+56 9 6184 1298', 'EMUNOZ@TICASHOPLATAM.COM', 'ACCOUNT MANAGER', 'DWDM REDES', '2024-10-29 16:59:37', 1, 27),
(5, 'NICOLÁS DEL VALLE', '+56 9 5015 4682', 'NDELVALLE@TICASHOPLATAM.COM', 'NO SE', 'DWDM REDES', '2024-10-30 19:18:54', 1, 27),
(6, 'JORGE CORONEL', '+562 2363 71 40 / WP Vtas +569 6318 67 10', 'VENTASCORE.CL@INTCOMEX.COM', 'INSIDE SALES', 'CHILE / COLOMBIA / COSTA RICA / ECUADOR / EL SALVADOR / GUATEMALA / JAMAICA / MEXICO / PANAMA / PERU / URUGUAY / USA VENDE MEMORIAS Y COSAS CHICAS', '2024-10-30 19:35:48', 1, 6),
(7, 'ROXANA ACUÑA', '+569 51068045', 'RACUNA@INTCOMEX.COM', 'PRODUCT MANAGER', 'NOTEBOOK, ALL IN ONE, AIO, PC, DESKTOP, AIO', '2025-03-06 12:23:56', 1, 6),
(8, 'ARMANDO CARMONA', '+52 1 55 1424 8983', 'ARMANDO.CARMONA@SMARTOPTICS.COM', 'PREVENTA-VENTAS SMARTOPTICS', 'SFP - MEXICO / USA', '2025-02-21 14:08:22', 0, 28),
(9, 'JAVIER CHISTIK', '0', 'VACIO@VACIO.COM', 'DIRECTOR LATAM', 'CHILE', '2024-10-30 00:59:29', 1, 29),
(10, 'ELIANA ARANDA', '0', 'VACIO@VACIO.COM', 'TERRITORY AM SOLA', 'CHILE', '2024-10-29 17:52:11', 1, 29),
(11, 'PABLO CARRILLO', '0', 'SINMAIL@VACIO.COM', 'SALES ENGINEER SOLA', 'CHILE', '2024-10-30 18:42:04', 1, 29),
(12, 'MARCELO PONCE', '+56 9 6170 1639', 'MARCELO.PONCE@BROADCOM.COM', 'STRATEGIC ACCOUNT DIRECTOR - CUENTAS STRATEGIC', 'CHILE', '2024-10-29 17:53:17', 1, 30),
(13, 'ALVARO FAUNDEZ', '0', 'ALVARO.FAUNDEZ@BROADCOM.COM', 'STRATEGIC PRE-SALES ENGINEER DIRECTOR - CUENTAS ST', 'CHILE', '2024-10-29 17:53:48', 1, 30),
(14, 'ALVARO NUÑEZ', '+562 2 7565 801 / +56 9 9499 3382', 'A.NUNEZ@ADISTEC.COM', 'INSIDE SALES', 'CHILE / ARGENTINA / BOLIVIA / BRASIL / COLOMBIA / COSTA RICA / ECUADOR / MEXICO', '2024-11-26 17:06:16', 1, 16),
(15, 'CONSTANZA TORRES GONZALO', '+562 2363 71 30 / WP +569 4476 87 40', 'VENTASCORE.CL@INTCOMEX.COM', 'INSIDE SALES STANDARD', 'NOTEBOOK, ALL IN ONE, AIO, PC, DESKTOP, AIO', '2025-03-06 12:23:49', 1, 6),
(16, 'JAVIER COLIMAN', '+56 9 4894 8838', 'JAVIER.COLIMAN@INGRAMMICRO.COM', 'PREVENTA CISCO-INGRAM', 'SIN COMENTARIOS', '2025-04-21 21:22:52', 1, 13),
(17, 'ANDRES ACHONDO', '0', 'ANDRES.ACHONDO@BROADCOM.COM', 'CORPORATE ACCOUNT DIRECTOR - CUENTAS CORPORATE', 'CHILE', '2024-10-29 18:00:35', 1, 30),
(18, 'ROGERS RUIZ', '0', 'ROGERS.RUIZ@BROADCOM.COM', 'CORPORATE ACCOUNT DIRECTOR - CUENTAS CORPORATE', 'CHILE', '2024-10-29 18:01:11', 1, 30),
(19, 'AGUSTIN PABLO BERCELLINI', '+56 9 6186 3608', 'AGUSTIN-PABLO.BERCELLINI@BROADCOM.COM', 'SALES & ALLIANCES DIRECTOR - CUENTAS COMMERCIAL', 'CHILE', '2024-11-21 18:54:57', 1, 30),
(20, 'PABLO SANTANA', '+569 928256 60', 'PABLO.SANTANA@TDSYNNEX.COM', 'PREVENTA DELL', 'PREVENTA DELL - DA LOS PRECIOS TAMBIEN', '2025-04-11 20:25:01', 1, 2),
(21, 'EDGAR DELAFLOR', '+1 (203) 820-7786', 'EDELAFLOR@MFPTECH.COM', 'BUSINESS DEVELOPMENT', 'USA. HABLA EN ESPAÑOL. VENDE LENOVO, MELLANOX, ARISTA Y BROCADE SWITCHES', '2025-01-29 11:46:33', 1, 32),
(22, 'MAURICIO MORALES', '+1 (678) 921-8102', 'MMORALES@MULTISOLIT.COM', 'SALES SUPPORT', 'USA. HABLA EN ESPAÑOL.', '2024-11-07 16:05:17', 1, 11),
(23, 'MARCELA SÁNCHEZ', '+45 40 64 04 21', 'MSA@NORDICCOMPUTER.COM', 'BUSINESS DEVELOPMENT MANAGER', 'DENMARK DINAMARCA. HABLA EN ESPAÑOL Y RESPONDE LOS WHATSAPP', '2024-11-07 16:04:44', 1, 9),
(24, 'MORTEN RASMUSSEN', '+45 40 64 04 21', 'MORTEN@T1AGROUP.COM', 'CSO', 'DINAMARCA. HAY QUE ESCRIBIRLE EN INGLES. HTTPS://WWW.T1AGROUP.COM/', '2024-11-07 16:52:44', 1, 10),
(25, 'JENNIEFER HALVERSON', '+1-763-284-1820', 'JHALVERSON@SYNLLC.COM', 'SENIOR ACCOUNT MANAGER', 'SOLO TIENEN ARUBA, HPE Y DELL. HAY QUE ESCRIBIRLE EN INGLES. TAMBIEN TIENE ESTE NUMERO 888-763-9920', '2025-02-28 16:16:21', 1, 33),
(26, 'ALFONSO BUSTOS', '+56 9 6628 7354', 'ALFONSO.BUSTOS@NEXSYSLA.COM', 'SECURITY SOLUTIONS ARCHITECT', 'ARGENTINA / BOLIVIA / CHILE / COLOMBIA / CENTROAMERICA / ECUADOR / ESTADOS UNIDOS / MEXICO / PARAGUAY / PERU / URUGUAY / VENEZUELA', '2024-10-29 18:30:30', 1, 15),
(27, 'ARMANDO CARMONA', '+525514248983', 'ARMANDO.CARMONA@SMARTOPTICS.COM', 'SALES DIRECTOR LATAM', 'ESTA VACIO', '2024-10-29 18:32:14', 1, 28),
(28, 'BASTIAN GONZÁLEZ', '(+56) 9 9700 2456', 'BASTIAN.GONZALEZ@TDSYNNEX.COM', 'PRE SALES ENGINEER-CYBERSECURITY', 'PREVENTA FORTINET TAMBIEN', '2024-10-29 18:35:09', 1, 2),
(29, 'ROCIO SORIA', '+56 9 8418 5137', 'ROCIO.SORIA@TDSYNNEX.COM', 'ACCOUNT MANAGER, CHILE', 'PBM , KAM, proveedor DE TIER1 EN TD', '2024-12-03 15:18:05', 1, 2),
(30, 'MARTA ADASME APABLAZA', '+56 9 88226530', 'MARTA.ADASME@INTCOMEX.COM', 'SALES SPECIALIST CISCO Y MERAKI', 'PREVENTA CISCO Y MERAKI. DA LOS PRECIOS TAMBIEN', '2024-12-03 15:00:03', 1, 6),
(31, 'MANUEL RIVAS ROCHA', '+56 9 9227 6469', 'MANUEL.RIVAS@INGRAMMICRO.COM', 'PRESALES DELL', 'SIN COMENTARIOS', '2025-04-11 20:02:52', 1, 13),
(32, 'SUSSY ALCALDE', '(+56 9) 8791 8462', 'SUSSY.ALCALDE@TDSYNNEX.COM', 'VENDOR DEVELOPMENT MANAGER DATA, AI & IOT', 'CHILE. HITACHI Y COMMVAULT, ORACLE, NVIDIA, SAS, CLOUDFARE, ZOOM', '2024-11-27 20:34:33', 1, 2),
(33, 'IGNACIO BARRIA FLORES', '+56 9 63370134', 'IGNACIO.BARRIA@TDSYNNEX.COM', 'HPE CHAMPION', 'ENTREGA LOS PRECIOS DESDE TD SYNNEX HPE A TIER1', '2024-10-30 23:31:18', 1, 2),
(34, 'TOMAS CARRASCO', '+56996784268', 'TOMAS.CARRASCO@TECNOGLOBAL.CL', 'EJECUTIVO SMB', 'VENDE IMPRESORAS, DESKTOP, PC, NOTEBOOK. TAMBIEN VE DESPACHOS', '2025-03-11 15:00:29', 1, 8),
(35, 'SARA DONOSO LATORRE', '(+56) 9 78476427', 'SARA.DONOSOLATORRE@TDSYNNEX.COM', 'VENDOR BUSINESS MANAGER', 'SIN COMENTARIOS', '2024-10-29 18:50:25', 1, 2),
(36, 'MARIO GUTIERREZ M.', '(+51) 988-586-670', 'MARIO.GUTIERREZ@TDSYNNEX.COM', 'PREVENTA ORACLE', 'TRABAJA CON LA SUSSY CON ORACLE. ESTA EN PERU', '2024-12-19 17:26:56', 1, 2),
(37, 'SEBASTIAN BERRIOS', '(56-9) 7125 4596', 'SEBASTIAN.BERRIOS@INGRAMMICRO.COM', 'PRE SALES ENGINEER IBM HARDWARE- COE', 'SIN COMENTARIOS', '2025-04-22 14:26:51', 1, 13),
(38, 'CRISTIÁN DÍAZ', '+569 4943  8288', 'CDIAZ@ADISTEC.COM', 'INSIDE SALES', 'SIN COMENTARIOS', '2024-10-29 19:33:46', 1, 16),
(39, 'ANDRES CHELMICKI', '+55 11 3042-2633', 'ANDRES@ZIMBRA-SUPPORT.NET', 'SOPORTE COMERCIAL', 'ES TECNICO, AYUDO CON PREGUNTAS PARA INSTALAR UN SERVER ZIMBRA', '2024-10-29 19:36:47', 1, 34),
(40, 'ANTONIO HUENTENAO', '+569 59340358', 'ANTONIO.HUENTENAO@NEXSYSLA.COM', 'PRODUCT MANAGER ASUS', 'NOTEBOOK, ALL IN ONE, AIO, PC, DESKTOP, AIO', '2025-03-06 12:23:35', 1, 15),
(41, 'HERNAN OYANADEL', '+56 9 68470626', 'HERNAN.OYANADEL@TECNOGLOBAL.CL', 'PREVENTA HPE', 'SIN COMENTARIOS', '2024-10-29 19:49:01', 1, 8),
(42, 'IGNACIO ARAYA LABRA', '+56 9 95053663', 'IGNACIO.ARAYA@HPE.COM', 'PREVENTA HPE', 'SIN COMENTARIOS', '2024-10-29 19:49:52', 1, 35),
(43, 'ENZO ARPOULET VILLAGRAN', '(+56) 9 8412 83 68', 'ENZO.ARPOULET@TDSYNNEX.COM', 'VENDOR BUSINESS MANAGER', 'VENDE F5 Y PALO ALTO', '2025-01-21 19:00:11', 1, 2),
(44, 'ARTHUR KILIAN', '+49 157 58255199', 'ARTHUR.KILIAN@QUALSTAR.COM', 'REGIONAL SALES DIRECTOR EMEA', 'LIBRERIAS, AM', '2024-12-16 13:40:31', 1, 38),
(45, 'ALEJANDRO ATLAGICH R.', '0', 'VACIO@VACIO.COM', 'NO SABEMOS EL ROL', 'SIN COMENTARIOS', '2024-10-30 17:02:55', 1, 1),
(46, 'FRANCISCO CICERONE', '+56 9 87685300', 'FCICERONE@AUTOMATEC.CL', 'AM', 'ENTREGA PRECIOS H3C', '2025-02-20 16:16:46', 1, 39),
(47, 'MARCO AVILA', '+56 9 97018287', 'MARCO.AVILA@INGRAMMICRO.COM', 'KEY ACCOUNT MANAGER', 'CHILE', '2024-10-30 19:13:21', 1, 13),
(48, 'EFRAIN MORALES', '+56968488674', 'EFMORALE@REDHAT.COM', 'ACCOUNT EXECUTIVE', 'AM EN REDHAT', '2024-10-30 15:59:14', 1, 40),
(49, 'ANDRÉS ECHEVERRÍA MÁRQUEZ', '+56 (2) 131-2381', 'ANDRES.ECHEVERRIA@ARSSP.CL', 'GERENTE CUENTAS CORPORATIVAS', 'VENDEN HW RFB EN CHILE', '2024-10-31 16:24:50', 1, 60),
(50, 'TANIA SACRISTÁN', '+1(647) 819-9113', 'TANIA.SACRISTAN@SOPHOS.COM', 'MSP CHANNEL ACCOUNT MANAGER', 'NOS HA AYUDADO CON COSTOS Y VER DONDE VIENEN LOS EQUIPOS', '2024-10-30 16:59:46', 1, 41),
(51, 'ELOY TAPIA G.', '(56) 958739325', 'ELOY.TAPIA@TDSYNNEX.COM', 'BUSINESS DEVELOPMENT MANAGEMENT LAC', 'PREVENTA HPE', '2024-10-30 17:05:06', 1, 2),
(52, 'HERNÁN VIDAL MUÑOZ', '+56 9 84090976', 'GW.HERNANVIDAL@H3C.COM', 'SALES MANAGER', 'proveedor PARA TODO H3C', '2024-10-30 17:42:18', 1, 42),
(53, 'SEBASTIAN VALENZUELA SOTO', '+569 85195661', 'SVALENZUELA@LICENCIASONLINE.COM', 'PRODUCT MANAGER', 'ENVIA COTIZACIONES DE RENOVACIONES REDHAT', '2025-02-21 12:52:17', 1, 12),
(54, 'NUEVO', '123', 'NUEVO@HOTMAIL.COM', 'NUEVO', 'NUEVO', '2024-10-30 18:54:09', 1, 1),
(55, 'RODRIGO BELTRAN', '+56 9 5609 5716', 'RODRIGO.BELTRAN@INGRAMMICRO.COM', 'PRESALES SOLUTION ARCHITECT', 'SIN COMENTARIOS', '2024-11-07 20:53:05', 1, 13),
(56, 'BRUCE TOLOZA', '+56 9 9881 9725', 'GW.BRUCETOLOZA@H3C.COM', 'SOLUTION ENGINEER', 'PREVENTA', '2024-11-07 20:52:56', 1, 42),
(57, 'BRYAN ZUÑIGA', '0', 'BZ@LK.CL', 'VENDEDOR', 'VENDE CABLES, FIBRAS, FC Y TODO EN HTTPS://LK.CL/', '2024-10-30 19:23:22', 1, 43),
(58, 'ALONSO CABANILLAS HENRÍQUEZ', '+511 989 348 257', 'ALONSO.CABANILLAS@INGRAMMICRO.COM', 'PRODUCT MANAGER HEWLETT PACKARD ENTERPRISE', 'VE HPE', '2024-10-30 19:24:12', 1, 14),
(59, 'CAMILA ORELLANA', '+56 9 66742865', 'CORELLANA@LICENCIASONLINE.COM', 'PRODUCT MANAGER MICROSOFT', 'SIN COMENTARIOS', '2024-10-30 19:27:02', 1, 12),
(60, 'CAMILO VAQUIRO', '+57 313 881 0028', 'YEYSON.VAQUIRO@ORACLE.COM', 'SENIOR ACCOUNT EXECUTIVE', 'AM COLOMBIANO...SI PUEDE SE CONTACTA DIRECTO CON EL CLIENTE FINAL NOMAS', '2024-10-30 19:29:07', 1, 44),
(61, 'CARMEN AGUILAR G.', '+56 9 3017 2087', 'CARMEN.AGUILAR@ORACLE.COM', 'ALLIANCE MANAGER CHILE', 'ES COMO NUESTRA KAM EN ORACLE, CUALQUIER DUDA, A ELLA NOMAS', '2025-01-02 21:55:25', 1, 44),
(62, 'EDMUNDO CASAS', '+51 9 8756 6111', 'EDMUNDO.CASAS@INGRAMMICRO.COM', 'CLOUD SOLUTIONS ARCHITECT - AWS', 'ESTA EN PERU', '2024-11-07 20:52:26', 1, 14),
(63, 'CLAUDIA CASTAÑEDA', '+56 9 9089 5053', 'CLAUDIA.CASTANEDA@TDSYNNEX.COM', 'NO SABEMOS EL ROL', 'NO SABEMOS QUE ESTA HACIENDO AHORA', '2024-11-04 17:11:31', 1, 2),
(64, 'BETTY CORDOVA OJEDA', '+51 9 4645 6063', 'BETTY.CORDOVA@INGRAMMICRO.COM', 'SALES SPECIALIST HEWLLET PACKARD ENTERPRISE', 'VENDE HPE PERO QUE ESTE EN STOCK, ES COMO EL HANS VOSS PERO EN PERU', '2024-11-07 20:52:13', 1, 14),
(65, 'CORINA GIGANTE', '+55 (11) 9 7437-6233', 'CORINA.GIGANTE@ORACLE.COM', 'MYSQL SENIOR SOFTWARE SALES MANAGER', 'ARGENTINA-BOLIVIA-CHILE-PARAGUAY-URUGUAY. PARA CUALQUIER COSA MYSQL, ELLA AYUDA.', '2024-11-13 17:53:26', 1, 44),
(66, 'CRISTIAN SOTO', '+56 9 6609 7713', 'CSOTO@LICENCIASONLINE.COM', 'REGIONAL SALES ENGINEER VEEAM', 'PREVENTA VEEAM', '2024-11-07 20:50:55', 1, 12),
(67, 'ELIAS MARRÓN', '+56 9 8341 5159', 'EMARRON@EVERNEX.COM', 'SENIOR SALES ACCOUNT MANAGER CHILE', 'VENDE SOPORTE MULTIMARCA', '2024-11-07 20:50:31', 1, 47),
(68, 'HANS VOSS G.', '+56 9 9051 9023', 'HANS.VOSS@INGRAMMICRO.COM', 'PREVENTA HPE', 'PREVENTA HPE PARA EQUIPOS EN STOCK', '2024-11-07 20:50:17', 1, 13),
(69, 'GASTON MUNOZ', '+56 9 8121 2696', 'GASMUNOZ@CISCO.COM', 'SMB PARTNER SELLER', 'SIN COMENTARIOS', '2024-11-07 20:50:44', 1, 48),
(70, 'GERMÁN MUÑOZ V.', '+56 9 8477 8652', 'GERMAN.MUNOZ@HITACHIVANTARA.COM', 'AM', 'SIN COMENTARIOS', '2024-11-07 20:50:05', 1, 49),
(71, 'GONZALO PENA', '+54 9 11 53469663', 'GONZALO.PENA@VEEAM.COM', 'INSIDE SALES REPRESENTATIVE', 'VEEAM DIRECTO', '2024-11-13 18:13:57', 1, 50),
(72, 'GRECIA ROJAS', '+56 2 2586 2619', 'GROJAS@LICENCIASONLINE.COM', 'PRODUCT MANAGER', 'VENDE VEEAM, EXAGRID, HUAWEI CLOUD, A10, APPGATE', '2024-10-30 21:09:17', 1, 12),
(73, 'CONNOR MCKILLOP', '01556 613036', 'CONNOR@ETB-TECH.COM', 'SALES ACCOUNT MANAGER', 'VENDE HW RFB Y NUEVOS TAMBIEN. HAY QUE ESCRIBIRLE EN INGLES. TODO EL STOCK LO TIENE EN HTTPS://WWW.ETB-TECH.COM/', '2025-03-03 13:25:26', 1, 31),
(74, 'HECTOR VAZQUEZ', '+52 55 4370 4560', 'HECTOR.VAZQUEZ@HITACHIVANTARA.COM', 'SOLUTION CONSULTANT', 'PREVENTA', '2024-11-07 20:49:22', 1, 49),
(75, 'HENRY GARCIA', '+56 9 3320 7931', 'HGARCIA@LICENCIASONLINE.COM', 'PREVENTA MICROSOFT', 'SIN COMENTARIOS', '2024-11-07 20:49:05', 1, 12),
(76, 'HERIBERTO LIBEER', '+56 9 8289 9316', 'CHILE@SUPERLATAM.COM', 'SUPERMICRO AUTHORIZED DISTRIBUTOR', 'VENDE SUPERMICRO PERO SU EMPRESA ES SUPERLATAM. TAMBIEN TIENE ESTE NUMERO +1 305 686 9023', '2025-04-29 14:20:29', 1, 51),
(77, 'ICSEN JARA BECERRA', '+569 449 19755', 'ICSEN_JARA@ASUS.COM', 'COMMERCIAL RESELLERS MANAGER', 'ENTREGA PRECIOS DE TODO LO QUE SEA ASUS - STOCK', '2024-12-03 15:20:46', 1, 52),
(78, 'IVÁN SENTIS PINTO', '+56 9 9509 1466', 'IVAN.SENTIS@FASTCHEMMEDIA.CL', 'GERENTE COMERCIAL', 'VENDE CINTAS LTO Y ETIQUETAS', '2024-11-07 20:48:53', 1, 19),
(79, 'JAVIER MATELUNA', '+56 9 9531 7845', 'JAVIER.MATELUNA@TIER1.CL', 'DESARROLLADOR', 'DESARROLLADOR, DEVELOPER, SE HACE PASAR POR TIER1 EN REU CON CLIENTES', '2024-11-22 16:16:31', 1, 53),
(80, 'KARINA HERNANDEZ', '+56 9 7813 7085', 'KHERNANDEZ@LICENCIASONLINE.COM', 'ACCOUNT MANAGER', 'COTIZA PRODUCTOS MICROSOFT ONPREM. VENDE LICENCIAS SQL SERVER Y MICROSOFT', '2024-11-13 18:15:50', 1, 12),
(81, 'LEANDRO SILVA', '0', 'LEANDRO.L.SILVA@ORACLE.COM', 'PRINCIPAL SALES CONSULTANT ORACLE LINUX', 'PREVENTA ORACLE PARA OLVM OVM KVM', '2024-10-30 21:28:24', 1, 44),
(82, 'ELIANA LIZ', '+56 9 5879 7083', 'ELIANA.LIZ@HPE.COM', 'PARTNER AND ACCOUNT MANAGER', 'PBM EN HPE PARA NOSOTROS', '2024-11-07 20:48:42', 1, 35),
(83, 'LISBETH SULCA', '+56 9 3425 1655', 'LSULCA@MELKERVEN.COM', 'VENDEDORA AM', 'ES COMO MORALES. HAY QUE ESCRIBIRLE EN INGLES. TRABAJAN CON HP, DELL, LENOVO, IBM, CISCO, ENTRE OTRAS', '2024-12-12 20:48:34', 1, 54),
(84, 'MACARENA HEIN RIEUTORD', '+569 7432 6276', 'MHEIN@LICENCIASONLINE.COM', 'PARTNER SALES SPECIALIST', 'ENTREGA COSTOS DE VARIAS MARCAS, COMO REDHAT Y VEEAM.', '2024-11-13 18:42:41', 1, 12),
(85, 'MARCOS RODRÍGUEZ', '+56 9 9820 0295', 'MARCOS.R.RODRIGUEZ@ORACLE.COM', 'TECH SALES REPRESENTATIVE', 'VENDEDOR DE ORACLE', '2024-11-07 20:47:03', 1, 44),
(86, 'MARTIN RAMIREZ', '+56 9 5499 0679', 'MARTIN.RAMIREZ@ITZEN.IO', 'VENDEDOR', 'VENDE FRESH SERVICE DE FRESHWORKS', '2024-10-30 21:44:17', 1, 55),
(87, 'RICARDO VILLAR', '+56 9 3398 0968', 'RICARDO.VILLAR@INGRAMMICRO.COM', 'KEY ACCOUNT MANAGER - KAM', 'NUESTRO KAM EN INGRAM', '2024-11-07 20:48:04', 1, 13),
(88, 'JIMMY OCHOA', '+57 31 6269 4428', 'JIMMY.OCHOA@HITACHIVANTARA.COM', 'REMOTE ACCOUNT MANAGEMENT', 'SIN COMENTARIOS', '2024-11-07 20:46:53', 1, 49),
(89, 'CLAUDIA MELLA', '+56 9 9641 4899', 'CLAUDIA.MELLA@HPE.COM', 'AM HPE', 'VENDEDORA SECTOR PUBLICO', '2024-10-31 15:57:45', 1, 35),
(90, 'RAMON MENDOZA', '+56 9 3945 0854', 'RAMON.MENDOZA@INGRAMMICRO.COM', 'SALES SPECIALIST ARUBA', 'VENDE ARUBA EN STOCK Y PARECE QUE TAMBIEN CONFIGURA', '2024-11-07 20:46:37', 1, 13),
(91, 'MIGUEL PINO', '+56 9 9880 7422', 'MIGUEL.PINO@UPSCHILE.CL', 'ELÉCTRICO', 'ELECTRICO, ES AMIGO DE PALACIOS. WWW.UPSCHILE.CL', '2024-10-31 16:01:12', 1, 56),
(92, 'YONATAN MILLAN', '+56 9 7135 6912', 'YONATAN.MILLAN@INGRAMMICRO.COM', 'VENDOR MANAGEMENT DELL SERVER', 'VENDOR MANAGEMENT DELL SERVER  VMWARE BY BROADCOM', '2024-11-07 20:46:27', 1, 13),
(93, 'NATHAN MANN', '+1 385 489 4216', 'MANNN@OPENTEXT.COM', 'CHANNEL MANAGER LATAM', 'COTIZA CARBONITE', '2024-11-07 20:47:15', 1, 57),
(94, 'NELSON PADILLA', '+56953257714', 'NELSON.PADILLA@TDSYNNEX.COM', 'VENDOR BUSINESS MANAGER', 'AZURE', '2025-04-28 16:16:20', 1, 2),
(95, 'PAULA DANGELO', '+56 9 6568 3568', 'PDANGELO@LICENCIASONLINE.COM', 'PRODUCT MANAGER CLOUD', 'AYUDA CON LOS PAGO POR USO', '2024-11-26 15:37:15', 0, 12),
(96, 'IVAN RAVANAL', '+56 9 4424 9837', 'IVAN.RAVANAL@TECNOGLOBAL.CL', 'PREVENTA HPE', 'SIN COMENTARIOS', '2024-11-07 20:45:14', 1, 8),
(97, 'RICARDO VALERGA', '+54 911 4411 0620', 'RVALERGA@COMMVAULT.COM', 'SALES ENGINEER SOLA', 'PREVENTA CMVLT, ARGENTINO', '2024-10-31 16:12:34', 1, 58),
(98, 'RICARDO VILLAVICENCIO', '+56 9 8744 9105', 'RVILLAVICENCIO@DSMSOLUTIONS.CL', 'DIRECTOR', 'HACEN MIGRACIONES Y TRABAJOS CON AWS', '2024-11-07 20:44:59', 1, 59),
(99, 'NARLY RINCON', '+56 9 4619 6846', 'NARLY.RINCON@INGRAMMICRO.COM', 'PRODUCT MANAGER SERVICES SUBSCRIPTIONS CISCO', 'ENTREGA PRECIOS DE RENOVACION', '2025-04-21 21:22:32', 1, 13),
(100, 'LIGIA ROMERO SUÁREZ', '+56 9 6617 9924', 'LIGIA.ROMEROSUAREZ@TDSYNNEX.COM', 'CLIENT EXECUTIVE II', 'SIN COMENTARIOS.', '2024-11-07 20:43:55', 1, 2),
(101, 'DANIELA VARGAS', '+56 9 9586 4340', 'DANIELA.VARGAS@INGRAMMICRO.COM', 'SALES EXECUTIVE HPE', 'NOS AYUDA EN DECIR SI ALGUN PN ESTA EN STOCK O NO. TAMBIEN MANDA CORREOS CON LO QUE TIENEN EN STOCK DE HPE.', '2024-11-07 20:46:02', 1, 13),
(102, 'ANDRES MORA', '+56 9 68612507', 'AMORA@LICENCIASONLINE.COM', 'PARTNER SALES SPECIALIST MICROSOFT', 'NOS PIDE LOS COSTOS MENSUALES DE LOS SPLA DE WINDOWS DE TIER1, ES PAR DE LA PAULA DANGELO', '2025-01-07 02:03:54', 1, 12),
(103, 'ALEJANDRO ALDASORO', '+1 844 225 2816', 'AALDASORO@SYNLLC.COM', 'SENIOR ACCOUNT MANAGER – LATAM', 'SOLO TIENEN ARUBA, HPE Y DELL. HABLA EN ESPAÑOL E IGUAL AYUDA EN COTIZAR', '2025-02-28 16:16:59', 1, 33),
(104, 'ASD', '0', 'VACIO@VACIO.COM', 'NO SABEMOS EL ROL', 'SIN COMENTARIOS', '2024-11-07 20:22:09', 0, 1),
(105, 'SERAFIN MÁRQUEZ', '+56 9 5095 5671', 'SMARQUEZ@MARSANLTDA.CL', 'VENDEDOR', 'HACE SERVICIOS DE LIBRERIAS E IGUAL VENDE CINTAS LTO Y ETIQUETAS', '2024-11-07 22:46:07', 1, 61),
(106, 'SEBASTIAN RODRIGUEZ', '+56 9 6122 2358', 'SRODRIGUEZ@TRCONSULTORES.CL', 'INGENIERO', 'SERVICIOS HPE, HUAWEI, CLOUD HUAWEI, AZURE, AWS, SOLARWINDS, VEEAM BACKUP. PURO SERVICIO. EL VIQUE NO LO QUIERE.', '2024-11-14 15:18:04', 1, 65),
(107, 'MARCELO DIAZ', '+56 9 4235 2513', 'MARCELO.DIAZ@MAVISGURIDAD.CL', 'VENDEDOR', 'NOS COTIZO CAMARAS IP Y NVR. ES AMIGOTE DE GALVEZ.', '2024-11-13 17:46:47', 1, 63),
(108, 'EDUARDO VASQUEZ', '+56 9 9171 4074', 'INFO@STCOM.CL', 'COMERCIAL', 'DESTRUYE DISCOS DUROS, CINTAS Y OTROS. COBRA COMO CLP 2000 POR DISCO DURO Y EL HACE EL RETIRO', '2024-11-13 18:10:36', 1, 64),
(109, 'JORGE NOGUERA', '+56 9 5259 0205', 'JNOGUERA@LICENCIASONLINE.COM', 'PREVENTA MICROSOFT & REDHAT', 'PREVENTA MICROSOFT ONPREM, REDHAT, AZURE Y AWS', '2025-02-21 12:52:52', 1, 12),
(110, 'MARIO GREEN', '+56 9 4074 0741', 'MGREENE@RTFM.CL', 'CTO & CO-FOUNDER', 'SERVICIOS PROFESIONALES, REDHAT, PROXMOX, VEEAM, AZURE, AWS', '2024-11-14 15:12:41', 1, 66),
(111, 'NICOLAS ORTIZ', '+56 9 4973 8315', 'NICOLAS.ORTIZ@TIER1.CL', 'INGENIERO', 'HACE SERVICIOS PROFESIONALES MICROSOFT, WINDOWS, SQL SERVER, COBRA 1UF HH HABIL Y 2UF HH INHABIL', '2024-11-14 15:16:02', 1, 62),
(112, 'PAOLA MELGAREJO', '0', 'PAOLA.MELGAREJO@INTCOMEX.COM', 'VENDEDORA', 'VENDEDORA VIEWSONIC', '2024-11-14 19:09:31', 1, 6),
(113, 'ALEJANDRO CID', '0', 'ALEJANDRO.CID@INGRAMMICRO.COM', 'VENDEDOR', 'VENDEDOR VIEWSONIC', '2024-11-14 19:10:01', 1, 13),
(114, 'CESAR SAEZ LEON', '+569 9419 1484', 'CSAEZ@DATACTIVA.CL', 'GERENTE GENERAL - VENDEDOR', 'SERVICIOS PROFESIONALES ORACLE, ODA, EXAGRID, EXALOGIC. HACEN CURSOS DE BD ORACLE TAMBIEN', '2024-11-14 20:43:55', 1, 17),
(115, 'LEONARDO NUÑEZ', '+56 9 3730 9317', 'LNUNEZ@EVERNEX.COM', 'ACCOUNT MANAGER', 'VENDEN SOPORTE DE INFRAESTRUCTURA MULTIMARCA', '2024-11-14 20:43:35', 1, 47),
(116, 'CLAUDIO MANTEROLA', '+569 98933282', 'VACIO@VACIO.COM', 'OWNER', 'PS VARIOS ORACLE', '2024-11-15 18:02:31', 1, 67),
(117, 'JORGE RABANAL', '+56 9 4287 8697', 'JORGE.RABANAL@TDSYNNEX.COM', 'PREVENTA HPE', 'PREVENTA HPE', '2024-11-15 19:00:12', 1, 2),
(118, 'LILIANA BARRANCO', '+(507)69486230', 'LILIANA.BARRANCO@MULTICOMPUTOS.COM', 'EJECUTIVA DE VENTAS', 'NOS COTIZO LICENCIAS REDHAT EN PANAMA, NO SE QUE MAS COTIZA. WWW.MULTICOMPUTOS.COM. HACE SERVICIOS PROFESIONALES ORACLE, RED HAT, OPENSHIFT, VMWARE', '2024-12-11 21:33:56', 1, 68),
(119, 'ELIANA LARA S.', '+569 73887020', 'ELIANA.LARA@FNCCONSULTORES.COM', 'GERENTE DE CUENTAS', 'OFRECE MUCHOS CURSOS PARA PODER HACER', '2024-11-18 18:36:38', 1, 69),
(120, 'RICHARD SERRAO', '+56958684479', 'RSERRAO@LICENCIASONLINE.COM', 'PRODUCT MANAGER', 'COMERCIAL VERITAS', '2024-11-19 18:51:08', 1, 12),
(121, 'RICARDO FORMAS', '+56 9 4152 7646', 'RFORMAS@LICENCIASONLINE.COM', 'PREVENTA', 'CHILE, PREVENTA VERITAS EN LOL', '2024-11-19 18:50:50', 1, 12),
(122, 'TEAM DELL', '0', 'DELLCHILE@TDSYNNEX.COM', 'TEAM DELL', 'SE LE MANDA UN MAIL CON COPIA A LA ROCIO SORIA ROCIO.SORIA@TDSYNNEX.COM', '2024-12-10 17:23:38', 1, 2),
(123, 'ALFREDO CESPEDES', '+57 300 7917966', 'ALFREDO.CESPEDES@TDSYNNEX.COM', 'COMERCIAL ORACLE Y F5', 'VE  ORACLE Y F5', '2024-11-22 15:52:08', 1, 2),
(124, 'DANIELA ZUÑIGA', '+56 9 6801 7537', 'DANIELA.ZUNIGA@TDSYNNEX.COM', 'PREVENTA F5', 'SIN COMENTARIOS', '2024-11-22 15:53:44', 1, 2),
(125, 'BENEDICTE PILORGET', '0', 'BENEDICTE.PILORGET@TDSYNNEX.COM', 'RENOVACIONES DE SOPORTE', 'VE LAS RENOVACIONES DE TODAS LAS MARCAS', '2024-11-26 15:39:49', 1, 2),
(126, 'IVANA MORASSUTTI', '0', 'IVANA.MORASSUTTI@TDSYNNEX.COM', 'DIRECTORA COMERCIAL', 'ESCALAMIENTOS PARA COSAS URGENTES', '2024-11-22 15:57:21', 1, 2),
(127, 'CARLOS GIL', '+56 9 5149 4274', 'CARLOS.GIL@TDSYNNEX.COM', 'NO SABEMOS EL ROL', 'SIN COMENTARIOS', '2024-11-22 15:57:03', 1, 2),
(128, 'PILAR OLIVA', '+51998325352', 'PILAR.OLIVA@INGRAMMICRO.COM', 'PRODUCT MANAGER (ISG)', 'COTIZA DELL EN PERU.UNIDAD DE VOLUMEN. ES LA HANS PERO QUE VENDE DELL EN PERU', '2025-01-29 13:38:38', 1, 14),
(129, 'MAURICIO VASQUEZ', '+56 9 6628 7557', 'MAVASQUEZ@LICENCIASONLINE.COM', 'PRODUCT MANAGER', 'VENDEDOR REDHAT EN LOL', '2025-03-25 18:51:37', 1, 12),
(130, 'JOSE MANRIQUEZ', '+569 4266 2788', 'JOSE.MANRIQUEZ@VERITAS.COM', 'SALES ACCOUNT MANAGER', 'CHILE NETBACKUP VERITAS', '2024-11-27 18:24:21', 1, 70),
(131, 'YASNA GOMEZ', '+56 9 74773933', 'YASNA.GOMEZ@NEXSYSLA.COM', 'PRODUCT MANAGER HP NOTEBOOOK', 'SIN COMENTARIOS', '2025-04-22 14:22:46', 1, 15),
(132, 'DANIEL IDROBO LATORRE', '+56 9 9259 0572', 'DIDROBO@FORTINET.COM', 'ACCOUNT MANAGER', 'ACCOUNT MANAGER FORTINET', '2024-11-29 16:09:44', 1, 71),
(133, 'BRUNO OYANGUREN', '+56 9 5410 2592', 'BRUNO.OYANGUREN@NEXSYSLA.COM', 'PRODUCT MANAGER SOPHOS', 'DA LOS PRECIOS DE SOPHOS, TELLIX, ARCSERVE', '2025-04-22 17:00:08', 0, 15),
(134, 'JOVANNA BARCENAS', '+56944905797', 'JOVANNA.BARCENAS@INTCOMEX.COM', 'DIVISION MANAGER', 'KAM, AM PARA TIER1 AUNQUE NO ES OFICIALMENTE LA KAM, AYUDA IGUAL', '2025-04-22 14:27:48', 1, 6),
(135, 'JOHANNA VALENCIA', '56 9 6207 7812', 'JOHANA.VALENCIA@INTCOMEX.COM', 'SALES SPECIALIST SERVICIOS Y SW', 'SIN COMENTARIOS', '2024-12-03 15:00:41', 1, 6),
(136, 'RAUL CUEVAS', '+56988876151', 'RCUEVAS@INTCOMEX.COM', 'PRODUCT MANAGER PRODUCTOS', 'SIN COMENTARIOS', '2024-12-03 15:01:21', 1, 6),
(137, 'PAMELA FARIÑEZ', '+56984644809', 'PFARINEZ@INTCOMEX.COM', 'PRODUCT MANAGER', 'VE LO QUE ESTA EN STOCK DELL', '2024-12-03 15:02:07', 1, 6),
(138, 'RAFAEL GARCIA', '+56 9 6807 4498', 'RAFAEL.GARCIA@INTCOMEX.COM', 'PRODUCT MANAGER', 'SIN COMENTARIOS', '2025-04-11 20:03:11', 1, 6),
(139, 'DAMARYS LIZANA', '+56990519027', 'DAMARYS.LIZANA@INTCOMEX.COM', 'PRODUCT MANAGER HPE', 'SIN COMENTARIOS', '2024-12-03 15:03:24', 1, 6),
(140, 'GERMAN ALVAREZ', '+56978894433', 'GALVAREZ@INTCOMEX.COM', 'PRODUCT SPECIALIST HPE', 'SIN COMENTARIOS', '2025-04-21 21:08:46', 1, 6),
(141, 'PABLO VALENCIA', '+56944502676', 'PABLO.VALENCIA@INTCOMEX.COM', 'PRODUCT MANAGER UBIQUITY', 'SIN COMENTARIOS', '2025-04-21 21:06:49', 1, 6),
(142, 'CAMILO SANHUEZA', '+56973450099', 'CAMILO.SANHUEZA@INTCOMEX.COM', 'PRODUCT MANAGER', 'PANDUIT Y HANWHA', '2025-04-21 21:07:32', 1, 6),
(143, 'VICTOR VIZCARRA', '+56988890849', 'VICTOR.VIZCARRA@INTCOMEX.COM', 'PRODUCT MANAGER', 'VE LAS MARCAS APC Y TPLINK TP-LINK', '2025-04-15 14:57:18', 1, 6),
(144, 'CARLOS ACUÑA', '+56986326509', 'CARLOS.ACUNA@INTCOMEX.COM', 'PRODUCT MANAGER', 'VE LAS MARCAS POLY, JABRA, LOGITECH, AUDIOCODE Y SOLUCIONES UCVC', '2025-04-21 21:12:31', 1, 6),
(145, 'LUIS SEPULVEDA', '+56945737740', 'LUIS.SEPULVEDA@INTCOMEX.COM', 'PREVENTA', 'PREVENTA DELL', '2025-04-21 21:08:17', 1, 6),
(146, 'DAVID FABRY', '+56979567298', 'DAVID.FABRY@INTCOMEX.COM', 'PREVENTA', 'VE LAS MARCAS HPE SERVER Y ARUBA', '2024-12-03 15:09:54', 1, 6),
(147, 'JUAN ALVAREZ', '+56999432211', 'JUAN.ALVAREZA@INTCOMEX.COM', 'PREVENTA', 'SIN COMENTARIOS', '2024-12-03 15:10:42', 1, 6),
(148, 'CESAR ORELLANA', '0', 'CESAR.ORELLANA@INTCOMEX.COM', 'PREVENTA', 'SIN COMENTARIOS', '2024-12-03 15:11:45', 1, 6),
(149, 'JAVIER INZUNZA', '+56971095955', 'JAVIER.INZUNZA@INTCOMEX.COM', 'PREVENTA', 'VE LAS MARCAS CISCO Y MERAKI', '2024-12-03 15:12:31', 1, 6),
(150, 'LEVIS LOPEZ', '0', 'LEVIS.LOPEZ@INTCOMEX.COM', 'PREVENTA', 'SIN COMENTARIOS', '2024-12-03 15:13:11', 1, 6),
(151, 'JORGE NICOREO', '0', 'JORGE.NICOREO@INTCOMEX.COM', 'PREVENTA', 'SIN COMENTARIOS', '2024-12-03 15:13:41', 1, 6),
(152, 'ALEXIS GUTIERREZ', '0', 'ALEXIS.GUTIERREZ@INTCOMEX.COM', 'PREVENTA', 'SIN COMENTARIOS', '2024-12-03 15:14:04', 1, 6),
(153, 'LEONY ROJAS', '+56 9 50010100', 'LROJAS@BTRES.CL', 'EJECUTIVA COMERCIAL', 'HACEN SERVICIOS DE NETWORKING', '2024-12-04 17:19:33', 1, 72),
(154, 'FRANCISCO PLAZA', '+56 9 6659 2780', 'FRANCISCOPLAZA@KHMCS.CL', 'DUEÑO', 'HPUX, HP-UX, SAN, SERVICIOS, MIGRACIONES', '2024-12-11 16:22:48', 1, 73),
(155, 'NICOLAS HUME', '0', 'NICOLAS.HUME@C-TECHNOLOGY.CL', 'AM, DUEÑO, CIO, OWNER', 'PS REDHAT, SQL', '2024-12-11 16:23:33', 1, 74),
(156, 'JORGE QUINTERO', '(+507) 6931 9488', 'JORGE.QUINTERO@TDSYNNEX.COM', 'ACCOUNT MANAGER - PANAMA', 'PANAMA', '2024-12-11 17:45:21', 1, 5),
(157, 'MARIA TORO', '(+57) 317 8951068', 'MAIRA.TORO@TDSYNNEX.COM', 'BUSINESS DEVELOPMENT MANAGER', 'VENDEDORA HPE Y ARUBA EN PANAMA', '2025-03-25 12:55:38', 1, 5),
(158, 'FERNANDO QUIROS', '(+1) 727 532 8052  5539396', 'FERNANDO.QUIROS@TDSYNNEX.COM', 'ASSOC BUSINESS DEVELOPMENT MANAGER CISCO CA', 'LLEVA LA CUENTA CISCO EN PANAMA', '2024-12-11 18:29:24', 1, 5),
(159, 'ALEXA ALFARO', '(+305) 599 4780  5560008', 'ALEXA.ALFARO@TDSYNNEX.COM', 'INSIDE ACCOUNT REP CENTRAL AMERICA', 'PANAMA', '2024-12-11 17:53:16', 1, 5),
(160, 'CLAUDIA CEDEÑO', '(+507) 6059 8279', 'CLAUDINA.CEDENO@TDSYNNEX.COM', 'BUSINESS DEV MANAGER  LENOVO', 'PANAMA', '2024-12-11 17:55:51', 1, 5),
(161, 'ANDREA JIMENEZ', '(+1) 954 329 9135', 'ANDREA.JIMENEZ@TDSYNNEX.COM', 'VENDOR DEVELOPMENT MANAGER CCA', 'PANAMA', '2024-12-11 17:58:07', 1, 5),
(162, 'PEDRO OLIVARES', '(+507) 6630 1948', 'PEDRO.OLIVARES@NEXSYSLA.COM', 'GERENTE DE PRODUCTO ORACLE  NEXSYS CENTROAMERICA', 'PANAMA', '2024-12-11 18:14:46', 1, 76),
(163, 'ANNETTE CHRISTINE CAICEDO', '(+507) 6948 5615', 'ANNETTE.CAICEDO@INTCOMEX.COM', 'SALES MANAGER - TOP COMMERCIAL', 'PANAMA', '2024-12-11 18:13:32', 1, 75),
(164, 'GINA RAMOS', '(+52) 1 55 4187 6846', 'GINA.RAMOS@HITACHIVANTARA.COM', 'TECHNICAL SALES CONSULTANT HITACHI VANTARA, LATAM', 'PREVENTA EN PANAMA', '2024-12-11 18:28:32', 1, 49),
(165, 'MARIA DEL PILAR GARCIA', '(+573) 1629 310091', 'MARIADELPILAR.GARCIA@HITACHIVANTARA.COM', 'CHANNEL PARTNER SALES SPECIALIST  CAC  VENEZUELA', 'PREVENTA EN PANAMA', '2024-12-11 18:28:23', 1, 49),
(166, 'NICOLAS FERRER R', '(+57) 300 5800038', 'NICO.FERRERRAMIREZ@HITACHIVANTARA.COM', 'SALES REPRESENTATIVE  CENTRO AMERICA  CARIBE', 'PANAMA', '2024-12-11 18:11:48', 1, 49),
(167, 'EDUARDO DIAZ', '(+507) 6674 9243', 'EDUARDO.DIAZ@MULTICOMPUTOS.COM', 'GERENTE GENERAL', 'PANAMA', '2024-12-11 18:16:04', 1, 68),
(168, 'CARLOS NUÑEZ', '+569 9139 99 63', 'CNUNEZ@INTCOMEX.COM', 'JEFE DE VENTAS', 'AYUDA CON LAS VENTAS ONLINE, CUANDO NO SE SABE DONDE ESTAN O SI FUERON PROCESADAS O NO. AYUDA EN SABER DONDE ESTAN LAS COSAS.', '2024-12-13 16:07:22', 1, 6),
(169, 'VENTAS ONLINE', '+562 2363 71 40', 'VENTASCORE.CL@INTCOMEX.COM', 'GRUPO VENTAS', 'ES EL AREA QUE VE LAS COMPRAS ONLINE EN EL STORE.INTCOMEX.COM. EL JEFE ES CARLOS NUÑEZ  MOVIL  +569 9139 99 63 CNUNEZ@INTCOMEX.COM', '2024-12-11 19:02:39', 1, 6),
(170, 'HUGO GARCIA', '0', 'HUGO.GARCIA2@INGRAMMICRO.COM', 'VENDEDOR SOPHOS', 'VENDEDOR SOPHOS EN INGRAM PARA PANAMA', '2024-12-17 22:20:46', 1, 77),
(171, 'EDUARDO CAMINA', '0', 'EDUARDO.CAMINA@HITACHIVANTARA.COM', 'PREVENTA COMMVAULT', 'ES QUIEN REGISTRA EN COMMVAULT PERO DESDE HITACHI', '2024-12-24 18:31:54', 1, 49),
(172, 'JASON THEISEN', '+1(303)248-0716', 'HITACHI.SALES@TDSYNNEX.COM', 'PARTNER OPERATIONS MANAGER II', 'USA MIAMI', '2025-01-08 21:21:22', 1, 78),
(173, 'ANNA BROWN', '+1(303)501-2849', 'ANNA.BROWN@TDSYNNEX.COM', 'BUSINESS DEVELOPMENT EXECUTIVE – HITACHI (EAST)', 'USA MIAMI HITACHI', '2025-01-08 21:21:33', 1, 78),
(174, 'LISBETH SULCA', '+56934251655', 'LSULCA@MELKERVEN.COM', 'NO SABEMOS EL ROL', 'REFURBISHED. HABLA EN ESPAÑOL. TRABAJAN CON HP, DELL, LENOVO, IBM, CISCO, ENTRE OTRAS', '2025-04-25 16:26:52', 1, 79),
(175, 'LUKAS CAICEDO', '(+1) 770 557 7903', 'LCAICEDO@MULTISOLIT.COM', 'VENDEDOR', 'REEMPLAZA A MORALES REFURBISHED.', '2025-01-28 19:16:33', 1, 11),
(176, 'LUKAS CAICEDO', '(+1) 770 557 7903', 'LCAICEDO@MULTISOLIT.COM', 'NO SABEMOS EL ROL', 'REFURBISHED', '2025-01-10 23:05:47', 0, 11),
(177, 'ROBERT HORRIGAN', '0', 'ROBERT.HORRIGAN@HITACHIVANTARA.COM', 'PREVENTA HITACHI MIAMI', 'USA MIAMI INGLES', '2025-01-28 19:12:37', 1, 49),
(179, 'SANDRA FIGUEROA', '+51 998110290', 'SANDRA.FIGUEROA@INGRAMMICRO.COM', 'PREVENTA HPE', 'PREVENTA HPE PARA PERU', '2025-01-30 18:52:01', 1, 14),
(180, 'RAMON GARAY', '+569 78472623', 'RAMON.GARAY@INGRAMMICRO.COM', 'PM ASUS', 'NOTEBOOK, ALL IN ONE, AIO, PC, DESKTOP, AIO', '2025-03-06 12:23:25', 1, 13),
(181, 'GERALDO BULHOES', '+569 85264258', 'GERALDO.BULHOES@TECNOGLOBAL.CL', 'PM ASUS', 'NOTEBOOK, ALL IN ONE, AIO, PC, DESKTOP', '2025-03-06 12:22:34', 1, 8),
(182, 'CRISTIAN ARAVENA', '+569 33557242', 'CRISTIAN.ARAVENA@TECNOGLOBAL.CL', 'SALES REP ASUS', 'NOTEBOOK, ALL IN ONE, AIO, PC, DESKTOP, AIO', '2025-03-06 12:24:06', 1, 8),
(183, 'BRUNO OYANGUREN', '+56 9 5410 2592', 'BRUNO.OYANGUREN@NEXSYSLA.COM', 'PRODUCT MANAGER DE SOPHOS, TRELLIX, ARCSERVE, CYLA', 'PRODUCT MANAGER DE SOPHOS, TRELLIX, ARCSERVE, CYLANCE', '2025-02-17 12:35:53', 1, 15),
(184, 'LEONARDO LEON', '+56930731075', 'LLEON@LICENCIASONLINE.COM', 'PARTNER SALES SPECIALIST VEEAM', 'SIN COMENTARIOS', '2025-02-17 12:39:29', 1, 12),
(185, 'FERNANDO FREITTE', '+56 9 7766 6326', 'VACIO@VACIO.COM', 'AIX', 'AIX SERVICIOS PROFESIONALES', '2025-02-17 14:16:04', 1, 62),
(186, 'MARCELO SEPULVEDA', '+56 9 7476 8095', 'VACIO@VACIO.COM', 'AIX', 'AIX SERVICIOS PROFESIONALES HH', '2025-02-17 14:16:45', 1, 62),
(187, 'DERYA DERAN', '+1 (657)254-8190', 'DERYA.DERAN@QUALSTAR.COM', 'DIRECTOR OF GLOBAL SALES', 'SIN COMENTARIOS', '2025-02-17 17:24:44', 1, 38),
(188, 'LEONARDO SEBEN', '+55 51 985331197', 'LEONARDO.SEBEN@CANONICAL.COM', 'ENTERPRISE SALES LATAM', 'MAYORISTA HOY .. CLIMB EN USA.. EN 2 MESES MAS LOL ACA EN CHILE.', '2025-02-17 18:03:57', 1, 80),
(189, 'MARCELO DURAND', '+1 408 903 0807', 'MDURAND@IXSYSTEMS.COM', 'GENERAL MANAGER LATAM', 'VENDE TRUENAS', '2025-02-27 14:05:30', 1, 81),
(190, 'ALVARO BRODSKY', '0', 'ALVARO.BRODSKY@INTCOMEX.COM', 'DIRECTOR DE PRODUCTOS', 'SIN COMENTARIOS', '2025-02-27 14:12:11', 1, 6),
(191, 'ARTURO VELEZ', '+56988393882', 'ARTURO.VELEZ@INTCOMEX.COM', 'PRODUCT MANAGER LENOVO', 'NOTEBOOK, ALL IN ONE, AIO, PC, DESKTOP, AIO', '2025-03-06 12:23:03', 1, 6),
(192, 'RODRIGO REBOLLEDO', '+56 9 40105707', 'RREBOLLEDO@LENOVO.COM', 'BUSINESS DEVELOPMENT MANAGER', 'SERVIDORES', '2025-04-22 14:14:51', 1, 36),
(193, 'FRANCISCO SANHUEZA', '+56 9 786 79 302', 'FRANCISCO.SANHUEZA@TECNOGLOBAL.CL', 'SALES SPECIALIST HP WORKSTATION', 'NOTEBOOK, ALL IN ONE, AIO, PC, DESKTOP, AIO', '2025-03-06 12:22:53', 1, 8),
(194, 'MIGUEL ASTARGO', '0', 'MIGUEL.ASTARGO@NEXSYSLA.COM', 'PRODUCT MANAGER', 'VENDE MONITORES AOC', '2025-03-06 15:23:38', 1, 15),
(195, 'RODRIGO LILLO', '+56 9 42600882', 'RODRIGO.LILLO@TP-LINK.COM', 'TECHNICAL SALES MANAGER', 'PREVENTA TP-LINK', '2025-03-10 17:16:13', 1, 82),
(196, 'ANGEL POBLETE', '+569 4405 0972', 'APOBLETE@ADISTEC.COM', 'PRODUCT SALES MANAGER', 'VENDEDOR VMWARE', '2025-04-11 20:24:35', 1, 16),
(197, 'ANA GRACIELA CRUZ', '+506 8301 6300', 'ACRUZ@ADISTEC.COM', 'CLOUD BDM LATAM', 'VENDE CLOUD VMWARE', '2025-03-25 12:35:45', 1, 16),
(198, 'SILVANNA TELLO', '+56 9 32268979', 'STELLO@ADISTEC.COM', 'PRODUCT SALES MANAGER', 'ENTREGA LAS COTIZACIONES DE VMWARE CLOUD', '2025-03-25 12:37:03', 1, 16),
(199, 'MAIRA TORO', '+57 317 8951088', 'MAIRA.TORO@TDSYNNEX.COM', 'BUSINESS DEVELOPMENT MANAGER', 'VENDEDORA HPE Y ARUBA EN PANAMA', '2025-03-25 12:55:41', 0, 5),
(200, 'CHEYENNE MENDOZA', '+51 9687 455 89', 'CHEYENNE.MEDONZA@TDSYNNEX.COM', 'BUSINESS DEVELOPMENT MANAGER', 'VENDE HPE Y ARUBA EN PERU Y BOLIVIA', '2025-03-25 13:05:34', 1, 3),
(201, 'JUAN MOSCOSO', '+56 9 3909 8168', 'VACIO@VACIO.COM', 'PRODUCT MANAGER', 'VENDE SERVIDORES HPE CON AMD', '2025-03-25 14:18:17', 1, 35),
(202, 'SANDRA CAROLINA PUGA SOTO', '+569 9535 1536', 'SANDRACAROLINA.PUGA@TDSYNNEX.COM', 'VENDOR BUSINESS MANAGER DELL', 'VENDEDORA DELL', '2025-04-11 20:03:52', 1, 2),
(203, 'ALEJANDRO RISSO', '+56 9 8922 2374', 'ALEJANDRO.RISSO@TDSYNNEX.COM', 'VENDOR BUSINESS MANAGER NETAPP', 'VENDEDOR NETAPP', '2025-04-11 14:39:22', 1, 2),
(204, 'ALEXIS GONZALEZ', '0', 'ALEXIS.GONZALEZ@INTCOMEX.COM', 'PRODUCT MANAGER QNAP', 'VENDE QNAP', '2025-04-15 14:57:55', 1, 6),
(205, 'YOSMELY MASSAAD', '+56 9 5498 8410', 'YMASSAAD@FORTINET.COM', 'ACCOUNT MANAGER', 'AM QUE ATIENDE AL EJERCITO EN FORTINET', '2025-04-16 21:20:40', 1, 71),
(206, 'BERNABE BUSTOS CARVALLO', '+ 56 9 82882298', 'BERNABE.BUSTOS@STSURAUSTRAL.CL', 'DUEÑO', 'HACE TRASLADOS DE EQUIPOS', '2025-04-17 15:36:58', 1, 83),
(207, 'CARMEN PEREZ', '0', 'CARMEN.PEREZ@INTCOMEX.CCOM', 'PRODUCT MANAGER ARUBA', 'SIN COMENTARIOS', '2025-04-21 21:05:26', 1, 6),
(208, 'MIGUEL CASTILLO', '0', 'MIGUEL.CASTILLOC@INTCOMEX.COM', 'PRODUCT MANAGER DELL ENTERPRISE', 'SIN COMENTARIOS', '2025-04-21 21:09:31', 1, 6),
(209, 'GUILLERMO ARIAS', '0', 'GUILLERMO.ARIAS@INTCOMEX.COM', 'PRODUCT MANAGER ISG ENTERPRISE', 'SIN COMENTARIOS', '2025-04-21 21:10:19', 1, 6),
(210, 'MARIA RUIZ', '0', 'MARIA.RUIZR@INTCOMEX.COM', 'PRODUCT MANAGER', 'SIN COMENTARIOS', '2025-04-21 21:11:35', 1, 6),
(211, 'MARCO SEFERINO', '(56-9) 7799 5860', 'MARCO.SEFERINO@INGRAMMICRO.COM', 'PRE-SALES ENGINEER ADOBE', 'SIN COMENTARIOS', '2025-04-21 21:18:45', 1, 13),
(212, 'GABRIELA ACOSTA', '(569) 62687099', 'GABRIELA.ACOSTA@INGRAMMICRO.COM', 'PRESALES ADOBE', 'SIN COMENTARIOS', '2025-04-21 21:19:25', 1, 13),
(213, 'OSCAR WATTSON', '(56 9) 39450899', 'OSCAR.WATTSON@INGRAMMICRO.COM', 'PRODUCT MANAGER APC', 'SIN COMENTARIOS', '2025-04-21 21:20:47', 1, 13),
(214, 'MARJORIE ERA', '(56-9) 9330 0298', 'MARJORIE.ERAS@INGRAMMICRO.COM', 'PRODUCT MANAGER', 'SIN COMENTARIOS', '2025-04-21 21:21:57', 1, 13),
(215, 'ORIETTA URRUTIA', '(56-9) 9105 9908', 'ORIETTA.URRUTIA@INGRAMMICRO.COM', 'PRODUCT MANAGER', 'SIN COMENTARIOS', '2025-04-21 21:23:54', 1, 13),
(216, 'JESSIKA LOPEZ', '(56-9) 3945 0836', 'JESSIKA.LOPEZ@INGRAMMICRO.COM', 'SALES SPECIALIST', 'SIN COMENTARIOS', '2025-04-21 21:25:43', 1, 13),
(217, 'IGOR WOLDARSKY', '(56-9) 3945 0837', 'IGOR.WOLDARSKY@INGRAMMICRO.COM', 'SALES SPECIALIST', 'SIN COMENTARIOS', '2025-04-21 21:27:55', 1, 13),
(218, 'CARLOS MILLAHUQUE', '(56-9) 400 40567', 'CARLOS.MILLAHUQUE@INGRAMMICRO.COM', 'SALES SPECIALIST', 'SIN COMENTARIOS', '2025-04-21 21:28:40', 1, 13),
(219, 'JORDAN FAJARDO', '(56-9) 961213762', 'JORDAN.FAJARDO@INGRAMMMICRO.COM', 'PRODUCT MANAGER', 'SIN COMENTARIOS', '2025-04-22 22:01:39', 0, 13),
(220, 'JORDAN FAJARDO', '(56-9) 961213762', 'JORDAN.FAJARDO@INGRAMMMICRO.COM', 'PRODUCT MANAGER', 'SIN COMENTARIOS', '2025-04-21 21:29:20', 1, 13),
(221, 'JOSE MORALES', '(56-9) 3945 0852', 'JOSE.MORALES@INGRAMMICRO.COM', 'PRODUCT MANAGER', 'SIN COMENTARIOS', '2025-04-21 21:30:45', 1, 13),
(222, 'JAVIER LANAS', '(56-9) 9 0000 518', 'JAVIER.LANAS@INGRAMMICRO.COM', 'BUSINESS MANAGER', 'SIN COMENTARIOS', '2025-04-21 21:31:34', 1, 13),
(223, 'MARIANO BUSCA', '+1 305 720 5746', 'MARIANO.BUSCA@COHESITY.COM', 'RESPONSABLE LATAM', 'SIN COMENTARIOS', '2025-04-22 14:08:51', 1, 84),
(224, 'JORGE PINTO', '(56-9) 9630 3954', 'JORGE.PINTO@INGRAMMICRO.COM', 'PRODUCT MANAGER', 'SIN COMENTARIOS', '2025-04-22 14:15:44', 1, 13),
(225, 'DIGNA TRONCOSO', '(56-9) 73796433', 'DIGNA.TRONCOSO@INGRAMMICRO.COM', 'BUSINESS MANAGER', 'SIN COMENTARIOS', '2025-04-22 14:16:53', 1, 13),
(226, 'LESLI AYALA', '(56-9) 4015 6458', 'LESLI.AYALA@INGRAMMICRO.COM', 'SALES SPECIALIST SERVICES HPE', 'SIN COMENTARIOS', '2025-04-22 14:18:39', 1, 13),
(227, 'JONATHAN GARCES', '(56-9) 6567 9477', 'JONATHAN.GARCES@INGRAMMICRO.COM', 'PRE-SALES ENGINEER HP ENTERPRISE GROUP STORAGE', 'SIN COMENTARIOS', '2025-04-22 14:19:06', 1, 13),
(228, 'DANIELA VARGAS', '(56-9)9586 4340', 'DANIELA.VARGAS@INGRAMMICRO.COM', 'SALES EXECUTIVE HPE', 'SIN COMENTARIOS', '2025-04-22 14:21:10', 1, 13),
(229, 'LUIS ROJAS FREIRE', '(56-9)65659740', 'LUIS.ROJASFREIRE@INGRAMMICRO.COM', 'PRE-SALES ENGINEER HP ENTERPRISE GROUP STORAGE', 'SIN COMENTARIOS', '2025-04-22 14:21:39', 1, 13),
(230, 'YOSELYN GOMEZ', '(56-9) 90519011', 'YOSELYN.GOMEZ@INGRAMMICRO.COM', 'PRODUCT MANAGER', 'SIN COMENTARIOS', '2025-04-22 14:24:57', 1, 13),
(231, 'SEBASTIAN HORMAZABAL', '(56-9) 4238 8629', 'SEBASTIAN.HORMAZABAL@INGRAMMICRO.COM', 'PRESALES HP ENTERPRISE GROUP ARUBA', 'SIN COMENTARIOS', '2025-04-22 14:25:38', 1, 13),
(232, 'SANDRA ZAMORA', '(56-9)94991017', 'SANDRA.ZAMORA@INGRAMMICRO.COM', 'BUSINESS DEVELOPMENT HPE GREENLAKE', 'SIN COMENTARIOS', '2025-04-22 14:26:11', 1, 13),
(233, 'JOVANA NAVAS', '(56-9) 9583 2791', 'JOVANA.NAVAS@INGRAMMICRO.COM', 'BM HW PRODUCT MANAGER', 'SIN COMENTARIOS', '2025-04-22 14:28:09', 1, 13),
(234, 'MICKEL MONCADA', '(56-9) 6596 6327', 'MICKEL.MONCADA@INGRAMMICRO.COM', 'BUSINESS MANAGER IBM SOFTWARE', 'SIN COMENTARIOS', '2025-04-22 14:28:35', 1, 13),
(235, 'VANESSA LOPEZ', '0', 'VANESSA.LOPEZ@INGRAMMICRO.COM', 'PRODUCT MANAGER IBM SOFTWARE', 'SIN COMENTARIOS', '2025-04-22 14:29:08', 1, 13),
(236, 'ERICK CABAÑA', '(56-9) 9828 2406', 'ERICK.CABANA@INGRAMMICRO.COM', 'PRODUCT MANAGER LENOVO SERVER', 'SIN COMENTARIOS', '2025-04-22 14:30:06', 1, 13),
(237, 'ANDREA ALBARRACIN', '(56-9) 3945 0878', 'ANDREA.ALBARRACIN@INGRAMMICRO.COM', 'PRODUCT MANAGER MICROSOFT CSP LICENSING MW', 'SIN COMENTARIOS', '2025-04-22 14:30:45', 1, 13),
(238, 'CRISTINA MERILLAN', '(56-9)  39450907', 'CRISTINA.MERILLAN@INGRAMMICRO.COM', 'PRODUCT MANAGER MICROSOFT CSP LICENSING MW', 'SIN COMENTARIOS', '2025-04-22 14:31:52', 1, 13),
(239, 'ORLANDO JEREZ', '(56-9) 3945 0880', 'ORLANDO.JEREZ@INGRAMMICRO.COM', 'PRODUCT MANAGER AZURE', 'SIN COMENTARIOS', '2025-04-22 14:32:21', 1, 13),
(240, 'CLAUDIA GRIMALDO', '(56-9) 3945 0857', 'CLAUDIA.GRIMALDO@INGRAMMICRO.COM', 'PRODUCT MANAGER', 'SIN COMENTARIOS', '2025-04-22 14:32:53', 1, 13),
(241, 'ALEJANDRO GOMEZ', '(56-9) 6310 8504', 'ALEJANDRO.GOMEZ@INGRAMMICRO.COM', 'BUSINESS MANAGER', 'SPECIALTY POLY - BARCO - DLINK - VERTIV', '2025-04-22 14:33:21', 1, 13),
(242, 'GUSTAVO NAVARRETE', '(56-9) 50056169', 'GUSTAVO.NAVARRETE@INGRAMMICRO.COM', 'PRODUCT MANAGER', 'SIN COMENTARIOS', '2025-04-22 14:34:10', 1, 13),
(243, 'ALEJANDRO ATLAGICH', '(56-9) 7847 6504', 'ALEJANDRO.ATLAGICH@INGRAMMICRO.COM', 'PRODUCT MANAGER APPLE', 'SIN COMENTARIOS', '2025-04-22 14:36:14', 1, 13),
(244, 'PABLO AMAR', '(56-9) 94238 8626', 'PABLO.AMAR@INGRAMMICRO.COM', 'PRODUCT MANAGER BROTHER PRINTER AND SUPPLIES', 'SIN COMENTARIOS', '2025-04-22 14:37:07', 1, 13),
(245, 'ALISSON MARGUIROTT', '0', 'ALISSON.MARGUIROTT@INGRAMMICRO.COM', 'PRODUCT MANAGER CANON PRINTER & SUPPLIES', 'CANON - STARTECH.COM', '2025-04-22 14:38:18', 1, 13),
(246, 'LEONARDO JORQUERA', '(56-9) 7847 6629', 'LEONARDO.JORQUERA@INGRAMMICRO.COM', 'PM DELL PC Y NOTEBOOK', 'DELL COMPUTO', '2025-04-22 14:39:25', 1, 13),
(247, 'PAULA ROA', '56 9 78476461', 'PAULA.ROA@INGRAMMICRO.COM', 'SALES SPECIALIST DELL', 'SIN COMENTARIOS', '2025-04-22 14:40:03', 1, 13),
(248, 'MAURICIO ARAYA', '(56-9) 6627 7982', 'MAURICIO.ARAYA@INGRAMMICRO.COM', 'PRODUCT MANAGER EPSON PRINTER', 'SIN COMENTARIOS', '2025-04-22 14:41:37', 1, 13),
(249, 'SANDRA LOPEZ', '(56-9) 5238 2347', 'SANDRA.LOPEZ@INGRAMMICRO.COM', 'SALE SPECIALIST EPSON SUPPLIES', 'SIN COMENTARIOS', '2025-04-22 14:42:40', 1, 13),
(250, 'ROMINA CASTRO', '+56 9 8386 5147', 'RCASTRO@ADISTEC.COM', 'PRODUCT MANAGER', 'COTIZA VMWARE', '2025-04-22 14:51:57', 1, 16),
(251, 'VICENTE CRESTA', '(56-9) 9 65242769', 'VICENTE.CRESTA@INGRAMMICRO.COM', 'PRODUCT MANAGER HP COMPUTO', 'PRODUCT MANAGER HP COMPUTO', '2025-04-22 21:50:07', 1, 13),
(252, 'PAZ SANCHO', '(56-9) 9821 2456', 'PAZ.SANCHO@INGRAMMICRO.COM', 'PRODUCT MANAGER HP COMPUTO', 'SIN COMENTARIOS', '2025-04-22 21:52:00', 1, 13),
(253, 'PAULA SANDOVAL', '(569) 40156452', 'PAULA.SANDOVAL@INGRAMMICRO.CL', 'PRODUCT MANAGER HP IPG LASER', 'SIN COMENTARIOS', '2025-04-22 21:52:58', 1, 13),
(254, 'ENRIQUE HAYES', '(56-9) 4015 6456', 'ENRIQUE.HAYES@INGRAMMICRO.COM', 'PRODUCT MANAGER', 'PRODUCT MANAGER HP IPG MULTIFUNCIONALES', '2025-04-22 21:53:45', 1, 13),
(255, 'REBECA NAVARRO', '(56-9) 42388626', 'REBECA.NAVARRO@INGRAMMICRO.COM', 'BUSINESS MANAGER LENOVO', 'SIN COMENTARIOS', '2025-04-22 21:54:09', 1, 13),
(256, 'HAYDEE MONTERO', '(56-9) 8226 8184', 'HAYDEE.MONTERO@INGRAMMICRO.COM', 'SALES SPECIALIST LENOVO', 'SIN COMENTARIOS', '2025-04-22 21:58:34', 1, 13),
(257, 'ANDREA CONTRERAS', '(56-9) 9991 6044', 'ANDREA.CONTRERAS@INGRAMMICRO.COM', 'PRODUCT MANAGER SAMSUNG - KENSIGTON', 'PRODUCT MANAGER SAMSUNG - KENSIGTON', '2025-04-22 21:56:38', 1, 13),
(258, 'PAMELA ROSS', '(56-9) 5659 6635', 'PAMELA.ROSS@INGRAMMICRO.COM', 'SALES SPECIALIST MICROSOFT OEM HARDWARE', 'SALES SPECIALIST MICROSOFT OEM HARDWARE', '2025-04-22 21:56:28', 1, 13),
(259, 'CRISTIAN FAUNDEZ', '(56-9) 82222725', 'CRISTIAN.FAUNDEZ@INGRAMMICRO.COM', 'PRODUCT MANAGER MICROSOFT OEM ESD', 'SIN COMENTARIOS', '2025-04-22 21:57:07', 1, 13),
(260, 'ERNESTO BRISIERES', '(56-9) 9051 9041', 'ENESTO.BRISIERES@INGRAMMICRO.COM', 'PRODUCT MANAGER', 'MSI- LG - WESTERN DIGITAL', '2025-04-23 13:26:33', 1, 13),
(261, 'FERNANDA MERCADO', '(56-9) 4238 8632', 'FERNANDA.MERCADO@INGRAMMICRO.COM', 'SALES SPECIALIST', 'SIN COMENTARIOS', '2025-04-22 21:58:25', 1, 13),
(262, 'ALEJANDRO CID', '(569) 7337 0680', 'ALEJANDRO.CID@INGRAMMICRO.COM', 'PRODUCT MANAGER', 'SIN COMENTARIOS', '2025-04-22 21:59:06', 1, 13),
(263, 'RODRIGO MAYER', '(+56) 96447273', 'RODRIGO.MAYER@TDSYNNEX.COM', 'AM IBM', 'ACCOUNT MANAGER - AM - IBM', '2025-05-13 16:55:19', 1, 2),
(264, 'LUIS SOSA', '+56 9 7895 9973', 'LUIS.SOSA@TDSYNNEX.COM', 'PREVENTA IBM EN TDSYNNEX', 'PREVENTA, ARQUITECTO IBM', '2025-06-03 14:06:04', 1, 2);

--
-- Disparadores `proveedores`
--
DROP TRIGGER IF EXISTS `comentarios_mayuscula_al_actualizar_proveedores`;
DELIMITER $$
CREATE TRIGGER `comentarios_mayuscula_al_actualizar_proveedores` BEFORE UPDATE ON `proveedores` FOR EACH ROW BEGIN
    SET NEW.comentarios = UPPER(NEW.comentarios);
    SET NEW.correo = UPPER(NEW.correo);
    SET NEW.nombre= UPPER(NEW.nombre);
    SET NEW.rol = UPPER(NEW.rol);
END
$$
DELIMITER ;
DROP TRIGGER IF EXISTS `comentarios_mayuscula_al_insertar_proveedores`;
DELIMITER $$
CREATE TRIGGER `comentarios_mayuscula_al_insertar_proveedores` BEFORE INSERT ON `proveedores` FOR EACH ROW BEGIN
    SET NEW.comentarios = UPPER(NEW.comentarios);
    SET NEW.correo = UPPER(NEW.correo);
    SET NEW.nombre= UPPER(NEW.nombre);
    SET NEW.rol = UPPER(NEW.rol);
END
$$
DELIMITER ;
DROP TRIGGER IF EXISTS `quitar_tildes_al_actualizar_proveedores`;
DELIMITER $$
CREATE TRIGGER `quitar_tildes_al_actualizar_proveedores` BEFORE UPDATE ON `proveedores` FOR EACH ROW BEGIN
    SET NEW.nombre= remover_tildes(NEW.nombre);
    SET NEW.correo = remover_tildes(NEW.correo);
    SET NEW.rol = remover_tildes(NEW.rol);
    SET NEW.comentarios = remover_tildes(NEW.comentarios);  
END
$$
DELIMITER ;
DROP TRIGGER IF EXISTS `quitar_tildes_al_insertar_proveedores`;
DELIMITER $$
CREATE TRIGGER `quitar_tildes_al_insertar_proveedores` BEFORE INSERT ON `proveedores` FOR EACH ROW BEGIN
    SET NEW.nombre= remover_tildes(NEW.nombre);
    SET NEW.correo = remover_tildes(NEW.correo);
    SET NEW.rol = remover_tildes(NEW.rol);
    SET NEW.comentarios = remover_tildes(NEW.comentarios);  
END
$$
DELIMITER ;

-- --------------------------------------------------------

--
-- Estructura de tabla para la tabla `proveedor_marca`
--

DROP TABLE IF EXISTS `proveedor_marca`;
CREATE TABLE `proveedor_marca` (
  `id` int NOT NULL,
  `proveedor_id` int NOT NULL,
  `marca_id` int NOT NULL,
  `fecha` timestamp NOT NULL DEFAULT CURRENT_TIMESTAMP,
  `mostrar` tinyint(1) NOT NULL DEFAULT '1'
) ENGINE=InnoDB DEFAULT CHARSET=latin1;

--
-- Volcado de datos para la tabla `proveedor_marca`
--

INSERT INTO `proveedor_marca` (`id`, `proveedor_id`, `marca_id`, `fecha`, `mostrar`) VALUES
(1, 1, 46, '2024-11-14 15:19:57', 1),
(2, 2, 3, '2024-10-29 16:56:56', 1),
(3, 3, 3, '2024-10-29 16:58:11', 1),
(4, 4, 47, '2024-10-29 16:59:37', 1),
(5, 5, 47, '2024-10-29 17:00:10', 1),
(6, 6, 2, '2024-10-30 19:35:48', 1),
(7, 7, 8, '2025-03-06 12:23:56', 1),
(8, 8, 48, '2024-10-29 17:27:52', 1),
(9, 9, 49, '2024-10-30 00:59:29', 1),
(10, 10, 49, '2024-10-29 17:52:11', 1),
(11, 11, 49, '2024-10-30 18:42:04', 1),
(12, 12, 50, '2024-10-29 17:53:17', 1),
(13, 13, 50, '2024-10-29 17:53:48', 1),
(14, 14, 23, '2024-11-26 17:06:16', 1),
(15, 15, 8, '2025-03-06 12:23:49', 1),
(16, 16, 13, '2025-04-21 21:22:52', 1),
(17, 17, 50, '2024-10-29 18:00:35', 1),
(18, 18, 50, '2024-10-29 18:01:11', 1),
(19, 19, 50, '2024-11-21 18:54:57', 1),
(20, 20, 2, '2025-04-11 20:25:01', 1),
(21, 21, 51, '2025-01-29 11:46:33', 1),
(22, 22, 51, '2024-11-07 16:05:17', 1),
(23, 23, 51, '2024-11-07 16:04:44', 1),
(24, 24, 51, '2024-11-07 16:52:44', 1),
(25, 25, 51, '2025-02-28 16:16:21', 1),
(26, 26, 52, '2024-10-29 18:30:30', 1),
(27, 27, 48, '2024-10-29 18:32:14', 1),
(28, 28, 53, '2024-10-29 18:35:09', 1),
(29, 29, 2, '2024-12-03 15:18:05', 1),
(30, 30, 2, '2024-12-03 15:00:03', 1),
(31, 31, 4, '2025-04-11 20:02:52', 1),
(32, 32, 2, '2024-11-27 20:34:33', 1),
(33, 33, 3, '2024-10-30 23:31:18', 1),
(34, 34, 19, '2025-03-11 15:00:30', 1),
(35, 35, 9, '2024-10-29 18:50:26', 1),
(36, 36, 45, '2024-12-19 17:26:56', 1),
(37, 37, 20, '2025-04-22 14:26:51', 1),
(38, 38, 23, '2024-10-29 19:33:46', 1),
(39, 39, 55, '2024-10-29 19:36:47', 1),
(40, 40, 8, '2025-03-06 12:23:35', 1),
(41, 41, 3, '2024-10-29 19:49:01', 1),
(42, 42, 3, '2024-10-29 19:49:52', 1),
(43, 43, 2, '2025-01-21 19:00:11', 1),
(44, 44, 56, '2024-12-16 13:40:31', 1),
(45, 45, 1, '2024-10-30 17:02:55', 1),
(46, 46, 5, '2025-02-20 16:16:46', 1),
(47, 47, 3, '2024-10-30 19:13:22', 1),
(48, 48, 57, '2024-10-30 15:59:14', 1),
(49, 49, 51, '2024-10-31 16:24:50', 1),
(50, 50, 52, '2024-10-30 16:59:46', 1),
(51, 51, 3, '2024-10-30 17:05:06', 1),
(52, 52, 5, '2024-10-30 17:42:18', 1),
(53, 53, 57, '2025-02-21 12:52:17', 1),
(54, 54, 1, '2024-10-30 18:54:09', 1),
(55, 55, 3, '2024-11-07 20:53:05', 1),
(56, 56, 5, '2024-11-07 20:52:56', 1),
(57, 57, 58, '2024-10-30 19:23:22', 1),
(58, 58, 3, '2024-10-30 19:24:12', 1),
(59, 59, 59, '2024-10-30 19:27:02', 1),
(60, 60, 45, '2024-10-30 19:29:07', 1),
(61, 61, 45, '2025-01-02 21:55:25', 1),
(62, 62, 60, '2024-11-07 20:52:26', 1),
(63, 63, 3, '2024-11-04 17:11:31', 1),
(64, 64, 3, '2024-11-07 20:52:13', 1),
(65, 65, 45, '2024-11-13 17:53:26', 1),
(66, 66, 6, '2024-11-07 20:50:55', 1),
(67, 67, 63, '2024-11-07 20:50:31', 1),
(68, 68, 3, '2024-11-07 20:50:17', 1),
(69, 69, 13, '2024-11-07 20:50:44', 1),
(70, 70, 18, '2024-11-07 20:50:05', 1),
(71, 71, 6, '2024-11-13 18:13:57', 1),
(72, 72, 6, '2024-10-30 21:09:17', 1),
(73, 73, 2, '2025-03-03 13:25:26', 1),
(74, 74, 18, '2024-11-07 20:49:22', 1),
(75, 75, 59, '2024-11-07 20:49:05', 1),
(76, 76, 64, '2025-04-29 14:20:29', 1),
(77, 77, 8, '2024-12-03 15:20:46', 1),
(78, 78, 65, '2024-11-07 20:48:53', 1),
(79, 79, 66, '2024-11-22 16:16:31', 1),
(80, 80, 59, '2024-11-13 18:15:50', 1),
(81, 81, 45, '2024-10-30 21:28:24', 1),
(82, 82, 3, '2024-11-07 20:48:42', 1),
(83, 83, 51, '2024-12-12 20:48:34', 1),
(84, 84, 2, '2024-11-13 18:42:41', 1),
(85, 85, 45, '2024-11-07 20:47:03', 1),
(86, 86, 67, '2024-10-30 21:44:17', 1),
(87, 87, 2, '2024-11-07 20:48:04', 1),
(88, 88, 18, '2024-11-07 20:46:53', 1),
(89, 89, 3, '2024-10-31 15:57:45', 1),
(90, 90, 9, '2024-11-07 20:46:37', 1),
(91, 91, 68, '2024-10-31 16:01:12', 1),
(92, 92, 4, '2024-11-07 20:46:27', 1),
(93, 93, 69, '2024-11-07 20:47:15', 1),
(94, 94, 61, '2025-04-28 16:16:20', 1),
(95, 95, 70, '2024-11-07 20:45:23', 1),
(96, 96, 3, '2024-11-07 20:45:14', 1),
(97, 97, 44, '2024-10-31 16:12:34', 1),
(98, 98, 60, '2024-11-07 20:44:59', 1),
(99, 99, 13, '2025-04-21 21:22:32', 1),
(100, 100, 3, '2024-11-07 20:43:55', 1),
(101, 101, 3, '2024-11-07 20:46:02', 1),
(102, 102, 59, '2025-01-07 02:03:54', 1),
(103, 103, 51, '2025-02-28 16:16:59', 1),
(104, 104, 1, '2024-11-07 20:21:53', 1),
(105, 105, 65, '2024-11-07 22:46:07', 1),
(106, 106, 2, '2024-11-14 15:18:04', 1),
(107, 107, 72, '2024-11-13 17:46:47', 1),
(108, 108, 73, '2024-11-13 18:10:36', 1),
(109, 109, 2, '2025-02-21 12:52:52', 1),
(110, 110, 2, '2024-11-14 15:12:41', 1),
(111, 111, 74, '2024-11-14 15:16:02', 1),
(112, 112, 75, '2024-11-14 19:09:31', 1),
(113, 113, 75, '2024-11-14 19:10:01', 1),
(114, 114, 45, '2024-11-14 20:43:55', 1),
(115, 115, 2, '2024-11-14 20:43:35', 1),
(116, 116, 74, '2024-11-15 18:02:31', 1),
(117, 117, 3, '2024-11-15 19:00:12', 1),
(118, 118, 2, '2024-12-11 21:33:56', 1),
(119, 119, 2, '2024-11-18 18:36:38', 1),
(120, 120, 7, '2024-11-19 18:51:09', 1),
(121, 121, 7, '2024-11-19 18:50:50', 1),
(122, 122, 4, '2024-12-10 17:23:38', 1),
(123, 123, 2, '2024-11-22 15:52:08', 1),
(124, 124, 76, '2024-11-22 15:53:44', 1),
(125, 125, 2, '2024-11-26 15:39:49', 1),
(126, 126, 2, '2024-11-22 15:57:21', 1),
(127, 127, 2, '2024-11-22 15:57:03', 1),
(128, 128, 4, '2025-01-29 13:38:38', 1),
(129, 129, 57, '2025-03-25 18:51:37', 1),
(130, 130, 7, '2024-11-27 18:24:21', 1),
(131, 131, 19, '2025-04-22 14:22:46', 1),
(132, 132, 53, '2024-11-29 16:09:44', 1),
(133, 133, 2, '2025-04-22 16:45:36', 1),
(134, 134, 2, '2025-04-22 14:27:48', 1),
(135, 135, 13, '2024-12-03 15:00:41', 1),
(136, 136, 13, '2024-12-03 15:01:21', 1),
(137, 137, 4, '2024-12-03 15:02:07', 1),
(138, 138, 4, '2025-04-11 20:03:11', 1),
(139, 139, 3, '2024-12-03 15:03:24', 1),
(140, 140, 3, '2025-04-21 21:08:46', 1),
(141, 141, 77, '2025-04-21 21:06:49', 1),
(142, 142, 78, '2025-04-21 21:07:32', 1),
(143, 143, 2, '2025-04-15 14:57:18', 1),
(144, 144, 2, '2025-04-21 21:12:31', 1),
(145, 145, 4, '2025-04-21 21:08:17', 1),
(146, 146, 2, '2024-12-03 15:09:54', 1),
(147, 147, 83, '2024-12-03 15:10:42', 1),
(148, 148, 84, '2024-12-03 15:11:45', 1),
(149, 149, 2, '2024-12-03 15:12:31', 1),
(150, 150, 83, '2024-12-03 15:13:11', 1),
(151, 151, 84, '2024-12-03 15:13:41', 1),
(152, 152, 85, '2024-12-03 15:14:04', 1),
(153, 153, 74, '2024-12-04 17:19:33', 1),
(154, 154, 3, '2024-12-11 16:22:48', 1),
(155, 155, 57, '2024-12-11 16:23:33', 1),
(156, 156, 2, '2024-12-11 17:45:21', 1),
(157, 157, 3, '2025-03-25 12:55:38', 1),
(158, 158, 13, '2024-12-11 18:29:24', 1),
(159, 159, 13, '2024-12-11 17:53:16', 1),
(160, 160, 23, '2024-12-11 17:55:51', 1),
(161, 161, 6, '2024-12-11 17:58:07', 1),
(162, 162, 45, '2024-12-11 18:14:46', 1),
(163, 163, 2, '2024-12-11 18:13:32', 1),
(164, 164, 18, '2024-12-11 18:28:32', 1),
(165, 165, 18, '2024-12-11 18:28:23', 1),
(166, 166, 18, '2024-12-11 18:11:48', 1),
(167, 167, 2, '2024-12-11 18:16:04', 1),
(168, 168, 2, '2024-12-13 16:07:22', 1),
(169, 169, 2, '2024-12-11 19:02:39', 1),
(170, 170, 52, '2024-12-17 22:20:46', 1),
(171, 171, 18, '2024-12-18 15:52:54', 1),
(172, 172, 18, '2025-01-08 21:21:22', 1),
(173, 173, 18, '2025-01-08 21:21:33', 1),
(174, 174, 2, '2025-04-25 16:26:52', 1),
(175, 175, 2, '2025-01-28 19:16:33', 1),
(176, 176, 2, '2025-01-10 23:05:22', 1),
(177, 177, 18, '2025-01-28 19:12:37', 1),
(179, 179, 3, '2025-01-30 18:52:01', 1),
(180, 180, 8, '2025-03-06 12:23:25', 1),
(181, 181, 8, '2025-03-06 12:22:34', 1),
(182, 182, 8, '2025-03-06 12:24:07', 1),
(183, 183, 2, '2025-02-17 12:35:53', 1),
(184, 184, 6, '2025-02-17 12:39:29', 1),
(185, 185, 74, '2025-02-17 14:16:04', 1),
(186, 186, 74, '2025-02-17 14:16:45', 1),
(187, 187, 56, '2025-02-17 17:24:44', 1),
(188, 188, 86, '2025-02-17 18:03:57', 1),
(189, 189, 87, '2025-02-27 14:05:30', 1),
(190, 190, 2, '2025-02-27 14:12:11', 1),
(191, 191, 23, '2025-03-06 12:23:03', 1),
(192, 192, 23, '2025-04-22 14:14:51', 1),
(193, 193, 19, '2025-03-06 12:22:53', 1),
(194, 194, 88, '2025-03-06 15:23:38', 1),
(195, 195, 82, '2025-03-10 17:16:13', 1),
(196, 196, 54, '2025-04-11 20:24:35', 1),
(197, 197, 54, '2025-03-25 12:35:45', 1),
(198, 198, 54, '2025-03-25 12:37:04', 1),
(199, 199, 2, '2025-03-25 12:55:19', 1),
(200, 200, 2, '2025-03-25 13:05:34', 1),
(201, 201, 3, '2025-03-25 14:18:17', 1),
(202, 202, 4, '2025-04-11 20:03:52', 1),
(203, 203, 28, '2025-04-11 14:39:23', 1),
(204, 204, 80, '2025-04-15 14:57:55', 1),
(205, 205, 53, '2025-04-16 21:20:40', 1),
(206, 206, 89, '2025-04-17 15:36:58', 1),
(207, 207, 9, '2025-04-21 21:05:26', 1),
(208, 208, 4, '2025-04-21 21:09:31', 1),
(209, 209, 23, '2025-04-21 21:10:19', 1),
(210, 210, 90, '2025-04-21 21:11:35', 1),
(211, 211, 91, '2025-04-21 21:18:45', 1),
(212, 212, 91, '2025-04-21 21:19:25', 1),
(213, 213, 79, '2025-04-21 21:20:47', 1),
(214, 214, 85, '2025-04-21 21:21:57', 1),
(215, 215, 13, '2025-04-21 21:23:54', 1),
(216, 216, 13, '2025-04-21 21:25:43', 1),
(217, 217, 13, '2025-04-21 21:27:55', 1),
(218, 218, 13, '2025-04-21 21:28:40', 1),
(219, 220, 92, '2025-04-21 21:29:20', 1),
(220, 221, 92, '2025-04-21 21:30:45', 1),
(221, 222, 92, '2025-04-21 21:31:34', 1),
(222, 223, 96, '2025-04-22 14:08:51', 1),
(223, 224, 4, '2025-04-22 14:15:44', 1),
(224, 225, 3, '2025-04-22 14:16:53', 1),
(225, 226, 3, '2025-04-22 14:18:39', 1),
(226, 227, 3, '2025-04-22 14:19:06', 1),
(227, 228, 3, '2025-04-22 14:21:10', 1),
(228, 229, 3, '2025-04-22 14:21:39', 1),
(229, 230, 93, '2025-04-22 14:24:57', 1),
(230, 231, 9, '2025-04-22 14:25:38', 1),
(231, 232, 94, '2025-04-22 14:26:11', 1),
(232, 233, 20, '2025-04-22 14:28:09', 1),
(233, 234, 97, '2025-04-22 14:28:35', 1),
(234, 235, 97, '2025-04-22 14:29:08', 1),
(235, 236, 23, '2025-04-22 14:30:06', 1),
(236, 237, 99, '2025-04-22 14:30:45', 1),
(237, 238, 99, '2025-04-22 14:31:52', 1),
(238, 239, 99, '2025-04-22 14:32:21', 1),
(239, 240, 95, '2025-04-22 14:32:53', 1),
(240, 241, 2, '2025-04-22 14:33:21', 1),
(241, 242, 90, '2025-04-22 14:34:10', 1),
(242, 243, 100, '2025-04-22 14:36:14', 1),
(243, 244, 101, '2025-04-22 14:37:08', 1),
(244, 245, 102, '2025-04-22 14:38:19', 1),
(245, 246, 4, '2025-04-22 14:39:25', 1),
(246, 247, 4, '2025-04-22 14:40:03', 1),
(247, 248, 104, '2025-04-22 14:41:37', 1),
(248, 249, 105, '2025-04-22 14:42:40', 1),
(249, 250, 54, '2025-04-22 14:51:57', 1),
(250, 251, 19, '2025-04-22 21:50:07', 1),
(251, 252, 19, '2025-04-22 21:52:00', 1),
(252, 253, 106, '2025-04-22 21:52:58', 1),
(253, 254, 106, '2025-04-22 21:53:45', 1),
(254, 255, 23, '2025-04-22 21:54:09', 1),
(255, 256, 23, '2025-04-22 21:58:34', 1),
(256, 257, 2, '2025-04-22 21:56:38', 1),
(257, 258, 59, '2025-04-22 21:56:28', 1),
(258, 259, 59, '2025-04-22 21:57:07', 1),
(259, 260, 2, '2025-04-23 13:26:33', 1),
(260, 261, 107, '2025-04-22 21:58:25', 1),
(261, 262, 75, '2025-04-22 21:59:06', 1),
(262, 263, 98, '2025-05-13 16:55:19', 1),
(263, 264, 98, '2025-06-03 14:06:04', 1);

-- --------------------------------------------------------

--
-- Estructura de tabla para la tabla `quotes`
--

DROP TABLE IF EXISTS `quotes`;
CREATE TABLE `quotes` (
  `id` int NOT NULL,
  `numeroQuote` int NOT NULL,
  `nombreQuote` text CHARACTER SET latin1 COLLATE latin1_swedish_ci NOT NULL,
  `preventa` text CHARACTER SET latin1 COLLATE latin1_swedish_ci NOT NULL,
  `costoQuote` int NOT NULL,
  `descuento` int NOT NULL,
  `costoFinal` int NOT NULL,
  `fecha` tinytext CHARACTER SET latin1 COLLATE latin1_swedish_ci NOT NULL,
  `mostrar` tinyint(1) NOT NULL
) ENGINE=InnoDB DEFAULT CHARSET=utf8mb4 COLLATE=utf8mb4_general_ci;

-- --------------------------------------------------------

--
-- Estructura de tabla para la tabla `usuarios`
--

DROP TABLE IF EXISTS `usuarios`;
CREATE TABLE `usuarios` (
  `id` int NOT NULL,
  `nombre` varchar(100) NOT NULL,
  `usuario` varchar(50) NOT NULL,
  `password` varchar(255) NOT NULL,
  `perfil` varchar(50) DEFAULT NULL,
  `estado` int NOT NULL,
  `ultimo_login` timestamp NOT NULL DEFAULT CURRENT_TIMESTAMP ON UPDATE CURRENT_TIMESTAMP,
  `fecha` timestamp NOT NULL DEFAULT CURRENT_TIMESTAMP,
  `mostrar` int NOT NULL DEFAULT '1',
  `correo` varchar(100) NOT NULL
) ENGINE=InnoDB DEFAULT CHARSET=latin1;

--
-- Volcado de datos para la tabla `usuarios`
--

INSERT INTO `usuarios` (`id`, `nombre`, `usuario`, `password`, `perfil`, `estado`, `ultimo_login`, `fecha`, `mostrar`, `correo`) VALUES
(1, 'Rodrigo Castro', 'rcastro', '$2a$07$asxx54ahjppf45sd87a5auuq5SYam.nMymlFAQ3McckfvxIfURFp2', 'SuperAdministrador', 1, '2025-06-03 14:05:55', '2025-06-03 14:05:55', 1, 'rodrigo.castro@tier1.cl'),
(2, 'Franscisco Medina', 'fmedina', '$2a$07$asxx54ahjppf45sd87a5auuq5SYam.nMymlFAQ3McckfvxIfURFp2', 'Preventa', 1, '2025-05-13 16:54:22', '2025-05-13 16:54:22', 1, 'francisco.medina@tier1.cl'),
(3, 'Javier Gálvez', 'jgalvez', '$2a$07$asxx54ahjppf45sd87a5auuq5SYam.nMymlFAQ3McckfvxIfURFp2', 'Administrador', 1, '2025-04-28 19:40:09', '2025-04-28 19:40:09', 1, 'javier.galvez@tier1.cl'),
(4, 'Michal Lisowski', 'mlisowski', '$2a$07$asxx54ahjppf45sd87a5auuq5SYam.nMymlFAQ3McckfvxIfURFp2', 'Venta', 0, '2025-01-14 03:58:47', '2025-01-14 03:58:47', 1, 'michal.lisowski@tier1.cl'),
(5, 'Mauricio Nuñez', 'mnunez', '$2a$07$asxx54ahjppf45sd87a5auuq5SYam.nMymlFAQ3McckfvxIfURFp2', 'Venta', 0, '2025-01-14 03:58:46', '2025-01-14 03:58:46', 1, 'mauricio.nunez@tier1.cl'),
(7, 'Juan Carlos Riveros', 'jriveros', '$2a$07$asxx54ahjppf45sd87a5auuq5SYam.nMymlFAQ3McckfvxIfURFp2', 'Venta', 0, '2025-01-14 01:25:23', '2025-01-14 01:25:23', 1, 'juan.riveros@tier1.cl'),
(8, 'Rafael Ponce', 'rponce', '$2a$07$asxx54ahjppf45sd87a5auuq5SYam.nMymlFAQ3McckfvxIfURFp2', 'Venta', 0, '2025-01-14 01:26:01', '2025-01-14 01:26:01', 1, 'rponce@tier1.cl'),
(9, 'Marcela Calderón', 'mcalderon', '$2a$07$asxx54ahjppf45sd87a5auuq5SYam.nMymlFAQ3McckfvxIfURFp2', 'Venta', 1, '2025-01-29 11:49:21', '2025-01-29 11:49:21', 1, 'marcela.calderon@tier1.cl'),
(10, 'Alvaro Torres', 'atorres', '$2a$07$asxx54ahjppf45sd87a5auuq5SYam.nMymlFAQ3McckfvxIfURFp2', 'Venta', 0, '2025-01-14 01:26:43', '2025-01-14 01:26:43', 1, 'alvaro.torres@tier1.cl'),
(11, 'Cristian Torres', 'ctorres', '$2a$07$asxx54ahjppf45sd87a5auuq5SYam.nMymlFAQ3McckfvxIfURFp2', 'Preventa', 1, '2025-05-30 19:35:32', '2025-05-30 19:35:32', 1, 'cristian.torres@tier1.cl'),
(12, 'Nelson Gatica', 'ngatica', '$2a$07$asxx54ahjppf45sd87a5auuq5SYam.nMymlFAQ3McckfvxIfURFp2', 'Preventa', 1, '2025-04-23 14:08:00', '2025-04-23 14:08:00', 1, 'nelson.gatica@tier1.cl');

--
-- Índices para tablas volcadas
--

--
-- Indices de la tabla `datacenter`
--
ALTER TABLE `datacenter`
  ADD PRIMARY KEY (`id`);

--
-- Indices de la tabla `empresas`
--
ALTER TABLE `empresas`
  ADD PRIMARY KEY (`id`);

--
-- Indices de la tabla `marcas`
--
ALTER TABLE `marcas`
  ADD PRIMARY KEY (`id`);

--
-- Indices de la tabla `proveedores`
--
ALTER TABLE `proveedores`
  ADD PRIMARY KEY (`id`),
  ADD KEY `fk_empresa_proveedor` (`empresa_id`);

--
-- Indices de la tabla `proveedor_marca`
--
ALTER TABLE `proveedor_marca`
  ADD PRIMARY KEY (`id`),
  ADD KEY `fk_proveedor` (`proveedor_id`),
  ADD KEY `fk_marca` (`marca_id`),
  ADD KEY `proveedor_id` (`proveedor_id`),
  ADD KEY `marca_id` (`marca_id`);

--
-- Indices de la tabla `quotes`
--
ALTER TABLE `quotes`
  ADD PRIMARY KEY (`id`);

--
-- Indices de la tabla `usuarios`
--
ALTER TABLE `usuarios`
  ADD PRIMARY KEY (`id`);

--
-- AUTO_INCREMENT de las tablas volcadas
--

--
-- AUTO_INCREMENT de la tabla `datacenter`
--
ALTER TABLE `datacenter`
  MODIFY `id` int NOT NULL AUTO_INCREMENT, AUTO_INCREMENT=36;

--
-- AUTO_INCREMENT de la tabla `empresas`
--
ALTER TABLE `empresas`
  MODIFY `id` int NOT NULL AUTO_INCREMENT, AUTO_INCREMENT=85;

--
-- AUTO_INCREMENT de la tabla `marcas`
--
ALTER TABLE `marcas`
  MODIFY `id` int NOT NULL AUTO_INCREMENT, AUTO_INCREMENT=108;

--
-- AUTO_INCREMENT de la tabla `proveedores`
--
ALTER TABLE `proveedores`
  MODIFY `id` int NOT NULL AUTO_INCREMENT, AUTO_INCREMENT=265;

--
-- AUTO_INCREMENT de la tabla `proveedor_marca`
--
ALTER TABLE `proveedor_marca`
  MODIFY `id` int NOT NULL AUTO_INCREMENT, AUTO_INCREMENT=264;

--
-- AUTO_INCREMENT de la tabla `quotes`
--
ALTER TABLE `quotes`
  MODIFY `id` int NOT NULL AUTO_INCREMENT;

--
-- AUTO_INCREMENT de la tabla `usuarios`
--
ALTER TABLE `usuarios`
  MODIFY `id` int NOT NULL AUTO_INCREMENT, AUTO_INCREMENT=13;

--
-- Restricciones para tablas volcadas
--

--
-- Filtros para la tabla `proveedores`
--
ALTER TABLE `proveedores`
  ADD CONSTRAINT `fk_empresa_proveedor` FOREIGN KEY (`empresa_id`) REFERENCES `empresas` (`id`);

--
-- Filtros para la tabla `proveedor_marca`
--
ALTER TABLE `proveedor_marca`
  ADD CONSTRAINT `fk_marca` FOREIGN KEY (`marca_id`) REFERENCES `marcas` (`id`),
  ADD CONSTRAINT `fk_proveedor` FOREIGN KEY (`proveedor_id`) REFERENCES `proveedores` (`id`);
COMMIT;

/*!40101 SET CHARACTER_SET_CLIENT=@OLD_CHARACTER_SET_CLIENT */;
/*!40101 SET CHARACTER_SET_RESULTS=@OLD_CHARACTER_SET_RESULTS */;
/*!40101 SET COLLATION_CONNECTION=@OLD_COLLATION_CONNECTION */;
